Entity,Year,"PM2.5 air pollution, mean annual exposure (micrograms per cubic meter)"
Afghanistan,1990,654.867.935.180.664
Afghanistan,1995,6.517.951.202.392.570
Afghanistan,2000,649.224.624.633.789
Afghanistan,2005,645.226.821.899.414
Afghanistan,2010,6.524.559.020.996.090
Afghanistan,2011,6.683.572.387.695.310
Afghanistan,2012,660.231.704.711.914
Afghanistan,2013,6.136.674.499.511.710
Afghanistan,2014,5.901.033.020.019.530
Afghanistan,2015,61.252.655.029.296.800
Afghanistan,2016,5.628.704.833.984.370
Afghanistan,2017,5.691.080.856.323.240
Albania,1990,22.718.664.169.311.500
Albania,1995,22.029.218.673.706.000
Albania,2000,21.998.249.053.955.000
Albania,2005,21.575.258.255.004.800
Albania,2010,21.277.828.216.552.700
Albania,2011,22.772.537.231.445.300
Albania,2012,20.578.258.514.404.200
Albania,2013,1.993.851.661.682.120
Albania,2014,18.883.955.001.831.000
Albania,2015,1.951.253.890.991.210
Albania,2016,1.818.993.377.685.540
Albania,2017,1.820.060.157.775.870
Algeria,1990,3.693.025.588.989.250
Algeria,1995,3.645.658.493.041.990
Algeria,2000,37.536.048.889.160.100
Algeria,2005,3.585.882.568.359.370
Algeria,2010,3.363.581.848.144.530
Algeria,2011,33.834.049.224.853.500
Algeria,2012,33.366.825.103.759.700
Algeria,2013,3.424.532.699.584.960
Algeria,2014,3.556.391.906.738.280
Algeria,2015,3.608.916.473.388.670
Algeria,2016,39.853.275.299.072.200
Algeria,2017,38.884.010.314.941.400
American Samoa,1990,12.479.083.061.218.200
American Samoa,1995,12.479.083.061.218.200
American Samoa,2000,15.214.668.273.925.700
American Samoa,2005,15.237.841.606.140.100
American Samoa,2010,15.072.721.481.323.200
American Samoa,2011,15.390.642.166.137.600
American Samoa,2012,1.434.415.054.321.280
American Samoa,2013,14.127.225.875.854.400
American Samoa,2014,13.316.991.806.030.200
American Samoa,2015,13.019.390.106.201.100
American Samoa,2016,12.382.729.530.334.400
American Samoa,2017,12.473.820.686.340.300
Andorra,1990,14.118.741.989.135.700
Andorra,1995,13.936.866.760.253.900
Andorra,2000,12.594.015.121.459.900
Andorra,2005,1.296.137.809.753.410
Andorra,2010,12.807.197.570.800.700
Andorra,2011,13.273.505.210.876.400
Andorra,2012,12.407.052.993.774.400
Andorra,2013,1.181.367.301.940.910
Andorra,2014,10.830.418.586.730.900
Andorra,2015,11.462.178.230.285.600
Andorra,2016,10.255.834.579.467.700
Andorra,2017,10.307.621.002.197.200
Angola,1990,36.448.116.302.490.200
Angola,1995,35.602.909.088.134.700
Angola,2000,3.618.296.813.964.840
Angola,2005,34.962.913.513.183.500
Angola,2010,3.378.724.670.410.150
Angola,2011,3.310.419.464.111.320
Angola,2012,33.415.496.826.171.800
Angola,2013,3.466.392.135.620.110
Angola,2014,3.297.402.572.631.830
Angola,2015,3.272.987.365.722.650
Angola,2016,31.785.388.946.533.200
Angola,2017,3.238.850.402.832.030
Antigua and Barbuda,1990,224.085.636.138.916
Antigua and Barbuda,1995,22.451.595.306.396.400
Antigua and Barbuda,2000,21.976.118.087.768.500
Antigua and Barbuda,2005,22.134.328.842.163.000
Antigua and Barbuda,2010,2.252.887.535.095.210
Antigua and Barbuda,2011,2.314.786.148.071.280
Antigua and Barbuda,2012,21.471.050.262.451.100
Antigua and Barbuda,2013,2.073.538.589.477.530
Antigua and Barbuda,2014,19.725.584.030.151.300
Antigua and Barbuda,2015,19.696.388.244.628.900
Antigua and Barbuda,2016,1.846.092.987.060.540
Antigua and Barbuda,2017,18.622.343.063.354.400
Argentina,1990,16.220.529.556.274.400
Argentina,1995,16.846.065.521.240.200
Argentina,2000,16.780.948.638.916.000
Argentina,2005,16.403.085.708.618.100
Argentina,2010,16.859.100.341.796.800
Argentina,2011,1.738.298.225.402.830
Argentina,2012,16.135.072.708.129.800
Argentina,2013,1.559.737.491.607.660
Argentina,2014,1.446.697.998.046.870
Argentina,2015,1.463.162.612.915.030
Argentina,2016,13.751.443.862.915.000
Argentina,2017,13.311.834.335.327.100
Armenia,1990,36.860.721.588.134.700
Armenia,1995,35.120.941.162.109.300
Armenia,2000,3.679.644.775.390.620
Armenia,2005,37.068.729.400.634.700
Armenia,2010,375.300.407.409.668
Armenia,2011,38.612.274.169.921.800
Armenia,2012,37.184.486.389.160.100
Armenia,2013,3.493.721.389.770.500
Armenia,2014,330.859.489.440.918
Armenia,2015,34.881.431.579.589.800
Armenia,2016,32.227.169.036.865.200
Armenia,2017,3.252.811.813.354.490
Australia,1990,1.041.185.474.395.750
Australia,1995,10.426.396.369.934.000
Australia,2000,1.084.372.329.711.910
Australia,2005,1.059.713.363.647.460
Australia,2010,10.618.879.318.237.300
Australia,2011,1.104.726.505.279.540
Australia,2012,10.537.090.301.513.600
Australia,2013,998.768.424.987.793
Australia,2014,9.492.979.049.682.610
Australia,2015,9.320.014.953.613.280
Australia,2016,8.614.508.628.845.210
Australia,2017,8.550.324.440.002.440
Austria,1990,16.866.687.774.658.200
Austria,1995,1.570.612.621.307.370
Austria,2000,15.355.362.892.150.800
Austria,2005,15.592.062.950.134.200
Austria,2010,15.149.140.357.971.100
Austria,2011,15.573.370.933.532.700
Austria,2012,14.282.332.420.349.100
Austria,2013,14.081.613.540.649.400
Austria,2014,13.379.227.638.244.600
Austria,2015,13.541.094.779.968.200
Austria,2016,12.596.816.062.927.200
Austria,2017,1.247.796.630.859.370
Azerbaijan,1990,23.942.914.962.768.500
Azerbaijan,1995,23.391.427.993.774.400
Azerbaijan,2000,2.288.077.163.696.280
Azerbaijan,2005,22.865.705.490.112.300
Azerbaijan,2010,230.476.016.998.291
Azerbaijan,2011,2.362.986.946.105.950
Azerbaijan,2012,22.180.810.928.344.700
Azerbaijan,2013,22.278.779.983.520.500
Azerbaijan,2014,20.710.067.749.023.400
Azerbaijan,2015,2.141.412.353.515.620
Azerbaijan,2016,2.020.815.658.569.330
Azerbaijan,2017,1.992.866.325.378.410
Bahamas,1990,2.101.992.416.381.830
Bahamas,1995,212.866.268.157.959
Bahamas,2000,21.318.201.065.063.400
Bahamas,2005,21.066.356.658.935.500
Bahamas,2010,2.111.051.368.713.370
Bahamas,2011,21.774.425.506.591.700
Bahamas,2012,20.317.075.729.370.100
Bahamas,2013,19.909.400.939.941.400
Bahamas,2014,18.495.332.717.895.500
Bahamas,2015,18.886.306.762.695.300
Bahamas,2016,17.651.321.411.132.800
Bahamas,2017,17.367.719.650.268.500
Bahrain,1990,6.815.876.007.080.070
Bahrain,1995,6.812.335.205.078.120
Bahrain,2000,679.577.865.600.586
Bahrain,2005,6.458.727.264.404.290
Bahrain,2010,656.308.822.631.836
Bahrain,2011,6.373.249.816.894.530
Bahrain,2012,7.028.748.321.533.200
Bahrain,2013,67.794.677.734.375
Bahrain,2014,62.758.544.921.875
Bahrain,2015,7.260.467.529.296.870
Bahrain,2016,6.986.418.151.855.460
Bahrain,2017,7.081.620.788.574.210
Bangladesh,1990,6.159.563.064.575.190
Bangladesh,1995,6.180.314.254.760.740
Bangladesh,2000,6.303.634.262.084.960
Bangladesh,2005,6.887.354.278.564.450
Bangladesh,2010,7.076.499.938.964.840
Bangladesh,2011,702.105.484.008.789
Bangladesh,2012,7.079.390.716.552.730
Bangladesh,2013,6.564.508.056.640.620
Bangladesh,2014,6.839.537.811.279.290
Bangladesh,2015,6.696.575.164.794.920
Bangladesh,2016,6.012.627.410.888.670
Bangladesh,2017,6.084.578.323.364.250
Barbados,1990,28.212.522.506.713.800
Barbados,1995,28.245.882.034.301.700
Barbados,2000,28.479.455.947.875.900
Barbados,2005,2.848.280.143.737.790
Barbados,2010,28.216.814.041.137.600
Barbados,2011,29.303.489.685.058.500
Barbados,2012,2.703.352.928.161.620
Barbados,2013,262.302.303.314.209
Barbados,2014,25.183.013.916.015.600
Barbados,2015,24.686.241.149.902.300
Barbados,2016,23.459.199.905.395.500
Barbados,2017,23.080.175.399.780.200
Belarus,1990,24.585.847.854.614.200
Belarus,1995,2.265.688.705.444.330
Belarus,2000,22.650.266.647.338.800
Belarus,2005,2.287.190.055.847.160
Belarus,2010,2.331.941.032.409.660
Belarus,2011,2.291.114.616.394.040
Belarus,2012,21.646.371.841.430.600
Belarus,2013,205.904.598.236.084
Belarus,2014,19.766.054.153.442.300
Belarus,2015,20.076.276.779.174.800
Belarus,2016,18.878.238.677.978.500
Belarus,2017,18.765.579.223.632.800
Belgium,1990,17.587.495.803.833.000
Belgium,1995,16.496.065.139.770.500
Belgium,2000,15.662.450.790.405.200
Belgium,2005,15.436.351.776.123.000
Belgium,2010,16.009.319.305.419.900
Belgium,2011,15.698.442.459.106.400
Belgium,2012,14.741.893.768.310.500
Belgium,2013,14.022.669.792.175.200
Belgium,2014,13.233.621.597.290.000
Belgium,2015,13.566.522.598.266.600
Belgium,2016,12.833.087.921.142.500
Belgium,2017,12.886.518.478.393.500
Belize,1990,2.742.980.194.091.790
Belize,1995,27.125.192.642.211.900
Belize,2000,27.841.440.200.805.600
Belize,2005,28.292.579.650.878.900
Belize,2010,28.273.054.122.924.800
Belize,2011,28.800.445.556.640.600
Belize,2012,27.409.122.467.041.000
Belize,2013,27.284.439.086.914.000
Belize,2014,244.211.483.001.709
Belize,2015,25.216.825.485.229.400
Belize,2016,23.065.683.364.868.100
Belize,2017,23.011.892.318.725.500
Benin,1990,4.022.013.473.510.740
Benin,1995,3.807.847.213.745.110
Benin,2000,3.977.629.470.825.190
Benin,2005,3.432.880.783.081.050
Benin,2010,3.239.297.103.881.830
Benin,2011,3.258.084.487.915.030
Benin,2012,31.992.000.579.833.900
Benin,2013,3.144.329.833.984.370
Benin,2014,2.966.045.570.373.530
Benin,2015,4.047.068.405.151.360
Benin,2016,3.844.770.431.518.550
Benin,2017,3.899.995.803.833.000
Bermuda,1990,11.749.759.674.072.200
Bermuda,1995,11.691.011.428.833.000
Bermuda,2000,14.805.442.810.058.500
Bermuda,2005,1.477.558.708.190.910
Bermuda,2010,14.647.381.782.531.700
Bermuda,2011,1.484.311.294.555.660
Bermuda,2012,13.979.083.061.218.200
Bermuda,2013,13.478.851.318.359.300
Bermuda,2014,12.806.414.604.187.000
Bermuda,2015,12.417.961.120.605.400
Bermuda,2016,11.659.943.580.627.400
Bermuda,2017,1.164.635.944.366.450
Bhutan,1990,40.205.970.764.160.100
Bhutan,1995,400.750.732.421.875
Bhutan,2000,3.974.958.038.330.070
Bhutan,2005,4.301.963.424.682.610
Bhutan,2010,43.961.883.544.921.800
Bhutan,2011,4.307.170.486.450.190
Bhutan,2012,42.932.273.864.746.000
Bhutan,2013,4.188.190.841.674.800
Bhutan,2014,4.083.967.208.862.300
Bhutan,2015,3.981.863.784.790.030
Bhutan,2016,37.224.365.234.375
Bhutan,2017,379.265.022.277.832
Bolivia,1990,23.952.678.680.419.900
Bolivia,1995,2.467.257.308.959.960
Bolivia,2000,2.625.444.221.496.580
Bolivia,2005,2.939.564.323.425.290
Bolivia,2010,2.957.280.921.936.030
Bolivia,2011,27.904.205.322.265.600
Bolivia,2012,26.390.243.530.273.400
Bolivia,2013,26.090.469.360.351.500
Bolivia,2014,24.818.828.582.763.600
Bolivia,2015,2.247.640.037.536.620
Bolivia,2016,2.138.660.430.908.200
Bolivia,2017,21.568.986.892.700.100
Bosnia and Herzegovina,1990,30.352.558.135.986.300
Bosnia and Herzegovina,1995,2.933.961.296.081.540
Bosnia and Herzegovina,2000,3.317.226.028.442.380
Bosnia and Herzegovina,2005,3.377.212.142.944.330
Bosnia and Herzegovina,2010,3.230.015.563.964.840
Bosnia and Herzegovina,2011,3.419.186.782.836.910
Bosnia and Herzegovina,2012,3.177.326.011.657.710
Bosnia and Herzegovina,2013,30.446.229.934.692.300
Bosnia and Herzegovina,2014,28.777.324.676.513.600
Bosnia and Herzegovina,2015,29.622.838.973.999.000
Bosnia and Herzegovina,2016,27.594.467.163.085.900
Bosnia and Herzegovina,2017,27.747.669.219.970.700
Botswana,1990,254.354.305.267.334
Botswana,1995,24.986.309.051.513.600
Botswana,2000,2.530.182.456.970.210
Botswana,2005,25.073.726.654.052.700
Botswana,2010,25.724.720.001.220.700
Botswana,2011,2.459.211.540.222.160
Botswana,2012,2.485.403.823.852.530
Botswana,2013,2.487.425.994.873.040
Botswana,2014,24.151.277.542.114.200
Botswana,2015,24.330.257.415.771.400
Botswana,2016,23.631.267.547.607.400
Botswana,2017,2.309.438.705.444.330
Brazil,1990,15.143.861.770.629.800
Brazil,1995,15.412.857.055.664.000
Brazil,2000,15.773.481.369.018.500
Brazil,2005,15.595.925.331.115.700
Brazil,2010,1.595.528.507.232.660
Brazil,2011,15.912.797.927.856.400
Brazil,2012,15.285.455.703.735.300
Brazil,2013,1.460.990.047.454.830
Brazil,2014,13.989.934.921.264.600
Brazil,2015,13.594.655.990.600.500
Brazil,2016,12.658.676.147.460.900
Brazil,2017,12.706.629.753.112.700
Brunei,1990,6.732.298.374.176.020
Brunei,1995,6.839.568.138.122.550
Brunei,2000,68.845.133.781.433.100
Brunei,2005,7.244.391.918.182.370
Brunei,2010,7.417.004.585.266.110
Brunei,2011,736.618.709.564.209
Brunei,2012,7.570.822.715.759.270
Brunei,2013,6.709.489.822.387.690
Brunei,2014,6.180.830.001.831.050
Brunei,2015,6.484.179.973.602.290
Brunei,2016,5.927.599.906.921.380
Brunei,2017,59.030.656.814.575.100
Bulgaria,1990,2.755.988.121.032.710
Bulgaria,1995,25.492.809.295.654.200
Bulgaria,2000,2.408.980.941.772.460
Bulgaria,2005,2.326.729.965.209.960
Bulgaria,2010,22.756.195.068.359.300
Bulgaria,2011,2.430.032.730.102.530
Bulgaria,2012,22.644.655.227.661.100
Bulgaria,2013,20.999.637.603.759.700
Bulgaria,2014,2.074.357.032.775.870
Bulgaria,2015,2.077.642.822.265.620
Bulgaria,2016,1.928.301.239.013.670
Bulgaria,2017,19.149.131.774.902.300
Burkina Faso,1990,460.146.598.815.918
Burkina Faso,1995,4.510.893.249.511.710
Burkina Faso,2000,4.488.311.004.638.670
Burkina Faso,2005,39.335.113.525.390.600
Burkina Faso,2010,37.491.329.193.115.200
Burkina Faso,2011,37.281.375.885.009.700
Burkina Faso,2012,3.878.415.298.461.910
Burkina Faso,2013,33.287.200.927.734.300
Burkina Faso,2014,33.969.093.322.753.900
Burkina Faso,2015,4.656.216.812.133.780
Burkina Faso,2016,415.372.428.894.043
Burkina Faso,2017,4.293.559.265.136.710
Burundi,1990,412.488.899.230.957
Burundi,1995,4.000.953.674.316.400
Burundi,2000,40.955.780.029.296.800
Burundi,2005,4.014.781.188.964.840
Burundi,2010,38.381.168.365.478.500
Burundi,2011,3.823.619.079.589.840
Burundi,2012,41.011.329.650.878.900
Burundi,2013,39.971.073.150.634.700
Burundi,2014,3.938.755.798.339.840
Burundi,2015,3.843.088.150.024.410
Burundi,2016,3.865.322.494.506.830
Burundi,2017,3.889.626.693.725.580
Cambodia,1990,29.477.596.282.958.900
Cambodia,1995,3.006.684.112.548.820
Cambodia,2000,2.997.403.335.571.280
Cambodia,2005,31.408.935.546.875
Cambodia,2010,31.343.135.833.740.200
Cambodia,2011,3.091.962.432.861.320
Cambodia,2012,31.283.733.367.919.900
Cambodia,2013,30.336.528.778.076.100
Cambodia,2014,2.858.336.639.404.290
Cambodia,2015,2.676.923.942.565.910
Cambodia,2016,252.028.751.373.291
Cambodia,2017,2.561.429.214.477.530
Cameroon,1990,7.500.667.572.021.480
Cameroon,1995,7.257.501.220.703.120
Cameroon,2000,7.082.948.303.222.650
Cameroon,2005,6.345.308.303.833.000
Cameroon,2010,5.929.340.362.548.820
Cameroon,2011,58.076.900.482.177.700
Cameroon,2012,62.776.695.251.464.800
Cameroon,2013,58.186.336.517.333.900
Cameroon,2014,5.671.530.532.836.910
Cameroon,2015,7.705.174.255.371.090
Cameroon,2016,7.320.529.174.804.680
Cameroon,2017,7.279.309.844.970.700
Canada,1990,8.225.863.456.726.070
Canada,1995,8.103.930.473.327.630
Canada,2000,8.280.983.924.865.720
Canada,2005,8.495.469.093.322.750
Canada,2010,83.844.575.881.958
Canada,2011,862.446.117.401.123
Canada,2012,8.107.410.430.908.200
Canada,2013,7.791.635.990.142.820
Canada,2014,7.428.420.066.833.490
Canada,2015,715.158.224.105.835
Canada,2016,6.549.074.649.810.790
Canada,2017,64.283.833.503.723.100
Cape Verde,1990,3.613.872.528.076.170
Cape Verde,1995,363.646.125.793.457
Cape Verde,2000,3.662.812.423.706.050
Cape Verde,2005,30.262.409.210.205.000
Cape Verde,2010,275.964.412.689.209
Cape Verde,2011,3.164.177.894.592.280
Cape Verde,2012,3.294.099.426.269.530
Cape Verde,2013,3.208.584.213.256.830
Cape Verde,2014,3.162.108.039.855.950
Cape Verde,2015,3.863.361.358.642.570
Cape Verde,2016,33.392.330.169.677.700
Cape Verde,2017,3.477.870.178.222.650
Central African Republic,1990,5.328.715.515.136.710
Central African Republic,1995,5.340.425.491.333.000
Central African Republic,2000,515.721.435.546.875
Central African Republic,2005,5.289.663.314.819.330
Central African Republic,2010,51.533.321.380.615.200
Central African Republic,2011,51.229.530.334.472.600
Central African Republic,2012,5.335.883.331.298.820
Central African Republic,2013,5.087.491.226.196.280
Central African Republic,2014,4.935.636.520.385.740
Central African Republic,2015,5.832.609.939.575.190
Central African Republic,2016,5.698.542.404.174.800
Central African Republic,2017,5.682.849.884.033.200
Chad,1990,6.572.098.541.259.760
Chad,1995,6.890.049.743.652.340
Chad,2000,6.597.160.339.355.460
Chad,2005,5.820.089.340.209.960
Chad,2010,5.658.662.796.020.500
Chad,2011,55.195.159.912.109.300
Chad,2012,5.867.538.833.618.160
Chad,2013,530.564.079.284.668
Chad,2014,51.247.169.494.628.900
Chad,2015,686.823.959.350.586
Chad,2016,6.477.076.721.191.400
Chad,2017,6.602.920.532.226.560
Chile,1990,24.676.055.908.203.100
Chile,1995,24.943.241.119.384.700
Chile,2000,26.168.594.360.351.500
Chile,2005,2.552.731.704.711.910
Chile,2010,25.892.292.022.705.000
Chile,2011,27.245.866.775.512.600
Chile,2012,25.047.155.380.249.000
Chile,2013,2.393.669.319.152.830
Chile,2014,2.286.825.180.053.710
Chile,2015,22.569.791.793.823.200
Chile,2016,2.087.687.110.900.870
Chile,2017,21.036.298.751.831.000
China,1990,5.776.500.701.904.290
China,1995,58.660.160.064.697.200
China,2000,60.704.837.799.072.200
China,2005,6.617.450.714.111.320
China,2010,6.947.956.848.144.530
China,2011,7.054.203.033.447.260
China,2012,6.382.701.873.779.290
China,2013,655.145.492.553.711
China,2014,5.976.736.831.665.030
China,2015,5.906.342.315.673.820
China,2016,5.221.132.278.442.380
China,2017,5.266.459.655.761.710
Colombia,1990,20.383.516.311.645.500
Colombia,1995,2.001.323.699.951.170
Colombia,2000,2.005.341.911.315.910
Colombia,2005,21.284.774.780.273.400
Colombia,2010,21.497.844.696.044.900
Colombia,2011,21.367.778.778.076.100
Colombia,2012,20.536.636.352.539.000
Colombia,2013,1.922.334.861.755.370
Colombia,2014,18.344.205.856.323.200
Colombia,2015,17.300.283.432.006.800
Colombia,2016,1.658.060.073.852.530
Colombia,2017,16.527.210.235.595.700
Comoros,1990,21.753.992.080.688.400
Comoros,1995,21.077.423.095.703.100
Comoros,2000,21.544.055.938.720.700
Comoros,2005,21.243.206.024.169.900
Comoros,2010,20.666.357.040.405.200
Comoros,2011,21.020.160.675.048.800
Comoros,2012,21.252.628.326.416.000
Comoros,2013,21.047.962.188.720.700
Comoros,2014,21.502.071.380.615.200
Comoros,2015,20.715.557.098.388.600
Comoros,2016,2.048.272.705.078.120
Comoros,2017,20.546.825.408.935.500
Congo,1990,4.668.716.049.194.330
Congo,1995,4.266.256.332.397.460
Congo,2000,43.598.785.400.390.600
Congo,2005,4.268.905.258.178.710
Congo,2010,42.009.090.423.583.900
Congo,2011,4.415.559.387.207.030
Congo,2012,43.489.986.419.677.700
Congo,2013,4.612.663.650.512.690
Congo,2014,4.585.281.753.540.030
Congo,2015,441.476.936.340.332
Congo,2016,4.571.104.049.682.610
Congo,2017,46.638.221.740.722.600
Costa Rica,1990,1.830.876.350.402.830
Costa Rica,1995,185.616.397.857.666
Costa Rica,2000,1.941.210.174.560.540
Costa Rica,2005,19.657.306.671.142.500
Costa Rica,2010,19.272.953.033.447.200
Costa Rica,2011,19.702.133.178.710.900
Costa Rica,2012,19.335.126.876.831.000
Costa Rica,2013,18.341.516.494.750.900
Costa Rica,2014,1.754.363.441.467.280
Costa Rica,2015,16.879.289.627.075.100
Costa Rica,2016,1.565.581.226.348.870
Costa Rica,2017,15.725.920.677.185.000
Cote d'Ivoire,1990,25.873.201.370.239.200
Cote d'Ivoire,1995,2.485.169.219.970.700
Cote d'Ivoire,2000,25.263.492.584.228.500
Cote d'Ivoire,2005,21.828.811.645.507.800
Cote d'Ivoire,2010,21.617.704.391.479.400
Cote d'Ivoire,2011,2.259.307.289.123.530
Cote d'Ivoire,2012,22.494.403.839.111.300
Cote d'Ivoire,2013,21.305.543.899.536.100
Cote d'Ivoire,2014,20.900.177.001.953.100
Cote d'Ivoire,2015,276.874.942.779.541
Cote d'Ivoire,2016,2.667.470.359.802.240
Cote d'Ivoire,2017,25.886.266.708.374.000
Croatia,1990,21.938.692.092.895.500
Croatia,1995,20.925.025.939.941.400
Croatia,2000,2.151.238.441.467.280
Croatia,2005,2.212.263.298.034.660
Croatia,2010,21.334.718.704.223.600
Croatia,2011,2.196.600.341.796.870
Croatia,2012,20.202.423.095.703.100
Croatia,2013,1.958.696.174.621.580
Croatia,2014,18.433.103.561.401.300
Croatia,2015,19.206.682.205.200.100
Croatia,2016,17.789.318.084.716.700
Croatia,2017,17.901.771.545.410.100
Cuba,1990,2.379.235.076.904.290
Cuba,1995,2.425.965.118.408.200
Cuba,2000,24.137.367.248.535.100
Cuba,2005,24.009.920.120.239.200
Cuba,2010,23.933.298.110.961.900
Cuba,2011,2.478.731.918.334.960
Cuba,2012,23.239.788.055.419.900
Cuba,2013,2.285.074.234.008.780
Cuba,2014,21.296.234.130.859.300
Cuba,2015,20.864.099.502.563.400
Cuba,2016,1.973.784.065.246.580
Cuba,2017,1.970.604.705.810.540
Cyprus,1990,2.090.657.615.661.620
Cyprus,1995,20.517.221.450.805.600
Cyprus,2000,20.184.993.743.896.400
Cyprus,2005,1.971.804.428.100.580
Cyprus,2010,20.081.865.310.668.900
Cyprus,2011,2.009.096.336.364.740
Cyprus,2012,19.224.843.978.881.800
Cyprus,2013,18.684.545.516.967.700
Cyprus,2014,18.293.527.603.149.400
Cyprus,2015,19.101.346.969.604.400
Cyprus,2016,1.695.802.116.394.040
Cyprus,2017,1.729.440.689.086.910
Czechia,1990,2.440.361.785.888.670
Czechia,1995,221.213.321.685.791
Czechia,2000,2.043.670.654.296.870
Czechia,2005,19.946.592.330.932.600
Czechia,2010,20.676.870.346.069.300
Czechia,2011,20.081.247.329.711.900
Czechia,2012,18.743.175.506.591.700
Czechia,2013,17.996.286.392.211.900
Czechia,2014,17.391.216.278.076.100
Czechia,2015,17.416.452.407.836.900
Czechia,2016,16.100.584.030.151.300
Czechia,2017,16.071.245.193.481.400
Democratic Republic of Congo,1990,4.323.313.522.338.860
Democratic Republic of Congo,1995,43.483.036.041.259.700
Democratic Republic of Congo,2000,4.476.174.545.288.080
Democratic Republic of Congo,2005,4.204.343.795.776.360
Democratic Republic of Congo,2010,41.398.040.771.484.300
Democratic Republic of Congo,2011,414.932.861.328.125
Democratic Republic of Congo,2012,4.303.676.986.694.330
Democratic Republic of Congo,2013,4.449.576.187.133.780
Democratic Republic of Congo,2014,4.254.944.610.595.700
Democratic Republic of Congo,2015,4.493.118.667.602.530
Democratic Republic of Congo,2016,454.995.002.746.582
Democratic Republic of Congo,2017,44.909.263.610.839.800
Denmark,1990,1.325.493.049.621.580
Denmark,1995,12.667.547.225.952.100
Denmark,2000,12.416.939.735.412.500
Denmark,2005,12.078.428.268.432.600
Denmark,2010,11.929.147.720.336.900
Denmark,2011,12.662.331.581.115.700
Denmark,2012,11.115.525.245.666.500
Denmark,2013,10.820.279.121.398.900
Denmark,2014,11.066.704.750.061.000
Denmark,2015,10.657.285.690.307.600
Denmark,2016,10.095.972.061.157.200
Denmark,2017,10.029.653.549.194.300
Djibouti,1990,40.877.166.748.046.800
Djibouti,1995,4.122.401.428.222.650
Djibouti,2000,4.098.011.016.845.700
Djibouti,2005,3.917.293.930.053.710
Djibouti,2010,38.240.867.614.746.000
Djibouti,2011,40.441.837.310.791.000
Djibouti,2012,3.994.282.150.268.550
Djibouti,2013,401.037.712.097.168
Djibouti,2014,41.259.727.478.027.300
Djibouti,2015,45.950.809.478.759.700
Djibouti,2016,45.868.873.596.191.400
Djibouti,2017,45.549.617.767.333.900
Dominica,1990,23.341.428.756.713.800
Dominica,1995,22.865.650.177.001.900
Dominica,2000,22.955.415.725.708.000
Dominica,2005,23.562.835.693.359.300
Dominica,2010,23.740.745.544.433.500
Dominica,2011,24.276.123.046.875
Dominica,2012,2.221.579.933.166.500
Dominica,2013,2.215.106.773.376.460
Dominica,2014,2.101.030.731.201.170
Dominica,2015,2.068.878.936.767.570
Dominica,2016,19.988.147.735.595.700
Dominica,2017,19.493.154.525.756.800
Dominican Republic,1990,15.444.073.677.062.900
Dominican Republic,1995,15.739.140.510.559.000
Dominican Republic,2000,16.453.149.795.532.200
Dominican Republic,2005,16.585.445.404.052.700
Dominican Republic,2010,16.874.465.942.382.800
Dominican Republic,2011,17.299.779.891.967.700
Dominican Republic,2012,1.615.283.966.064.450
Dominican Republic,2013,15.396.950.721.740.700
Dominican Republic,2014,14.188.074.111.938.400
Dominican Republic,2015,14.858.221.054.077.100
Dominican Republic,2016,13.690.227.508.544.900
Dominican Republic,2017,1.372.632.122.039.790
East Asia and Pacific,1990,4.491.630.554.199.210
East Asia and Pacific,1995,4.544.395.065.307.610
East Asia and Pacific,2000,4.658.545.684.814.450
East Asia and Pacific,2005,501.450.309.753.418
East Asia and Pacific,2010,51.912.010.192.871.000
East Asia and Pacific,2011,5.242.434.310.913.080
East Asia and Pacific,2012,480.814.323.425.293
East Asia and Pacific,2013,4.887.065.887.451.170
East Asia and Pacific,2014,4.489.937.973.022.460
East Asia and Pacific,2015,4.427.488.327.026.360
East Asia and Pacific,2016,3.957.075.500.488.280
East Asia and Pacific,2017,3.980.504.608.154.290
Ecuador,1990,184.244.327.545.166
Ecuador,1995,18.485.010.147.094.700
Ecuador,2000,18.700.265.884.399.400
Ecuador,2005,19.914.669.036.865.200
Ecuador,2010,19.979.188.919.067.300
Ecuador,2011,1.932.199.478.149.410
Ecuador,2012,19.557.710.647.583.000
Ecuador,2013,18.118.608.474.731.400
Ecuador,2014,16.234.188.079.833.900
Ecuador,2015,15.699.707.984.924.300
Ecuador,2016,1.498.157.787.322.990
Ecuador,2017,14.886.100.769.042.900
Egypt,1990,7.547.526.550.292.960
Egypt,1995,7.233.836.364.746.090
Egypt,2000,7.326.432.037.353.510
Egypt,2005,7.403.844.451.904.290
Egypt,2010,7.744.661.712.646.480
Egypt,2011,707.863.540.649.414
Egypt,2012,7.279.056.549.072.260
Egypt,2013,7.621.365.356.445.310
Egypt,2014,7.655.960.083.007.810
Egypt,2015,8.821.338.653.564.450
Egypt,2016,8.814.849.853.515.620
Egypt,2017,8.699.945.068.359.370
El Salvador,1990,3.112.621.307.373.040
El Salvador,1995,31.819.589.614.868.100
El Salvador,2000,31.852.596.282.958.900
El Salvador,2005,3.197.286.605.834.960
El Salvador,2010,3.046.194.076.538.080
El Salvador,2011,33.628.265.380.859.300
El Salvador,2012,30.933.975.219.726.500
El Salvador,2013,307.598.819.732.666
El Salvador,2014,2.750.259.017.944.330
El Salvador,2015,264.747.314.453.125
El Salvador,2016,24.736.486.434.936.500
El Salvador,2017,24.472.291.946.411.100
Equatorial Guinea,1990,5.136.949.920.654.290
Equatorial Guinea,1995,52.100.807.189.941.400
Equatorial Guinea,2000,5.173.966.979.980.460
Equatorial Guinea,2005,45.583.953.857.421.800
Equatorial Guinea,2010,46.186.485.290.527.300
Equatorial Guinea,2011,4.685.258.865.356.440
Equatorial Guinea,2012,4.523.237.228.393.550
Equatorial Guinea,2013,4.362.579.345.703.120
Equatorial Guinea,2014,4.430.179.977.416.990
Equatorial Guinea,2015,52.634.368.896.484.300
Equatorial Guinea,2016,54.509.029.388.427.700
Equatorial Guinea,2017,5.324.061.965.942.380
Eritrea,1990,4.692.133.331.298.820
Eritrea,1995,4.634.363.555.908.200
Eritrea,2000,46.372.928.619.384.700
Eritrea,2005,4.711.026.382.446.280
Eritrea,2010,4.522.713.851.928.710
Eritrea,2011,452.574.462.890.625
Eritrea,2012,46.133.846.282.958.900
Eritrea,2013,4.762.781.524.658.200
Eritrea,2014,4.437.494.659.423.820
Eritrea,2015,4.982.891.082.763.670
Eritrea,2016,48.670.936.584.472.600
Eritrea,2017,4.803.019.714.355.460
Estonia,1990,905.192.756.652.832
Estonia,1995,8.578.045.845.031.730
Estonia,2000,8.227.386.474.609.370
Estonia,2005,8.457.242.965.698.240
Estonia,2010,8.519.848.823.547.360
Estonia,2011,8.442.559.242.248.530
Estonia,2012,7.810.698.509.216.300
Estonia,2013,7.482.813.358.306.880
Estonia,2014,7.705.552.577.972.410
Estonia,2015,7.003.727.436.065.670
Estonia,2016,6.821.447.849.273.680
Estonia,2017,6.732.123.851.776.120
Eswatini,1990,18.832.181.930.541.900
Eswatini,1995,18.406.869.888.305.600
Eswatini,2000,18.668.550.491.333.000
Eswatini,2005,1.830.488.395.690.910
Eswatini,2010,18.128.192.901.611.300
Eswatini,2011,17.973.312.377.929.600
Eswatini,2012,18.182.331.085.205.000
Eswatini,2013,1.830.780.792.236.320
Eswatini,2014,17.978.776.931.762.600
Eswatini,2015,17.924.808.502.197.200
Eswatini,2016,17.148.548.126.220.700
Eswatini,2017,17.168.787.002.563.400
Ethiopia,1990,35.800.750.732.421.800
Ethiopia,1995,358.358.039.855.957
Ethiopia,2000,35.533.966.064.453.100
Ethiopia,2005,34.351.009.368.896.400
Ethiopia,2010,356.341.438.293.457
Ethiopia,2011,3.631.794.357.299.800
Ethiopia,2012,3.597.384.262.084.960
Ethiopia,2013,3.588.420.486.450.190
Ethiopia,2014,3.504.359.817.504.880
Ethiopia,2015,38.858.604.431.152.300
Ethiopia,2016,3.924.503.707.885.740
Ethiopia,2017,38.978.736.877.441.400
Europe and Central Asia,1990,21.928.678.512.573.200
Europe and Central Asia,1995,20.867.273.330.688.400
Europe and Central Asia,2000,2.033.548.927.307.120
Europe and Central Asia,2005,20.153.846.740.722.600
Europe and Central Asia,2010,205.834.903.717.041
Europe and Central Asia,2011,20.575.298.309.326.100
Europe and Central Asia,2012,19.500.659.942.626.900
Europe and Central Asia,2013,19.080.154.418.945.300
Europe and Central Asia,2014,18.391.639.709.472.600
Europe and Central Asia,2015,1.900.069.808.959.960
Europe and Central Asia,2016,18.009.960.174.560.500
Europe and Central Asia,2017,1.808.347.511.291.500
European Union,1990,1.856.616.973.876.950
European Union,1995,17.383.892.059.326.100
European Union,2000,1.664.126.968.383.780
European Union,2005,16.418.832.778.930.600
European Union,2010,16.502.214.431.762.600
European Union,2011,16.631.208.419.799.800
European Union,2012,15.310.091.018.676.700
European Union,2013,1.479.927.921.295.160
European Union,2014,14.250.036.239.624.000
European Union,2015,1.447.106.647.491.450
European Union,2016,13.431.675.910.949.700
European Union,2017,13.465.907.096.862.700
Fiji,1990,13.066.792.488.098.100
Fiji,1995,12.955.780.029.296.800
Fiji,2000,13.138.453.483.581.500
Fiji,2005,12.902.495.384.216.300
Fiji,2010,135.338.134.765.625
Fiji,2011,13.836.461.067.199.700
Fiji,2012,1.285.205.364.227.290
Fiji,2013,12.144.618.034.362.700
Fiji,2014,11.922.892.570.495.600
Fiji,2015,11.641.944.885.253.900
Fiji,2016,11.059.343.338.012.600
Fiji,2017,10.840.160.369.873.000
Finland,1990,7.412.718.296.051.020
Finland,1995,7.232.851.505.279.540
Finland,2000,7.093.878.746.032.710
Finland,2005,7.142.454.624.176.020
Finland,2010,719.033.145.904.541
Finland,2011,72.836.995.124.816.800
Finland,2012,6.601.133.346.557.610
Finland,2013,6.278.689.384.460.440
Finland,2014,6.468.639.850.616.450
Finland,2015,6.063.834.190.368.650
Finland,2016,5.893.757.343.292.230
Finland,2017,5.861.330.986.022.940
France,1990,158.496.675.491.333
France,1995,15.273.503.303.527.800
France,2000,14.723.017.692.565.900
France,2005,14.704.505.920.410.100
France,2010,14.845.621.109.008.700
France,2011,14.878.019.332.885.700
France,2012,1.383.475.399.017.330
France,2013,13.594.308.853.149.400
France,2014,12.289.703.369.140.600
France,2015,12.745.707.511.901.800
France,2016,11.855.184.555.053.700
France,2017,11.814.963.340.759.200
Gabon,1990,4.291.521.453.857.420
Gabon,1995,42.847.320.556.640.600
Gabon,2000,4.258.917.236.328.120
Gabon,2005,3.997.835.159.301.750
Gabon,2010,4.027.758.026.123.040
Gabon,2011,4.113.028.335.571.280
Gabon,2012,40.814.090.728.759.700
Gabon,2013,4.072.566.223.144.530
Gabon,2014,413.195.686.340.332
Gabon,2015,4.409.590.148.925.780
Gabon,2016,4.372.065.353.393.550
Gabon,2017,4.438.554.763.793.940
Gambia,1990,352.938.232.421.875
Gambia,1995,3.477.638.244.628.900
Gambia,2000,3.460.087.966.918.940
Gambia,2005,30.283.668.518.066.400
Gambia,2010,30.201.263.427.734.300
Gambia,2011,29.264.923.095.703.100
Gambia,2012,3.072.906.494.140.620
Gambia,2013,29.804.672.241.210.900
Gambia,2014,3.062.189.483.642.570
Gambia,2015,36.305.381.774.902.300
Gambia,2016,3.261.530.303.955.070
Gambia,2017,3.398.263.931.274.410
Georgia,1990,26.526.485.443.115.200
Georgia,1995,252.730.712.890.625
Georgia,2000,25.273.801.803.588.800
Georgia,2005,25.627.283.096.313.400
Georgia,2010,26.101.238.250.732.400
Georgia,2011,2.678.360.366.821.280
Georgia,2012,25.002.849.578.857.400
Georgia,2013,2.391.020.393.371.580
Georgia,2014,22.966.707.229.614.200
Georgia,2015,2.425.264.549.255.370
Georgia,2016,21.829.635.620.117.100
Georgia,2017,22.196.054.458.618.100
Germany,1990,17.016.523.361.206.000
Germany,1995,15.625.370.025.634.700
Germany,2000,14.903.934.478.759.700
Germany,2005,14.535.208.702.087.400
Germany,2010,15.189.495.086.669.900
Germany,2011,14.664.228.439.331.000
Germany,2012,13.577.642.440.795.800
Germany,2013,13.191.919.326.782.200
Germany,2014,12.751.220.703.125
Germany,2015,1.282.609.748.840.330
Germany,2016,11.937.810.897.827.100
Germany,2017,12.028.767.585.754.300
Ghana,1990,3.559.497.833.251.950
Ghana,1995,347.596.549.987.793
Ghana,2000,3.503.722.381.591.790
Ghana,2005,26.806.673.049.926.700
Ghana,2010,27.368.284.225.463.800
Ghana,2011,28.211.698.532.104.400
Ghana,2012,2.889.742.660.522.460
Ghana,2013,27.815.340.042.114.200
Ghana,2014,25.889.522.552.490.200
Ghana,2015,3.468.190.002.441.400
Ghana,2016,36.252.655.029.296.800
Ghana,2017,347.135.124.206.543
Greece,1990,20.642.969.131.469.700
Greece,1995,1.982.827.377.319.330
Greece,2000,19.918.607.711.791.900
Greece,2005,19.308.103.561.401.300
Greece,2010,1.906.108.856.201.170
Greece,2011,20.001.541.137.695.300
Greece,2012,1.842.076.873.779.290
Greece,2013,17.779.417.037.963.800
Greece,2014,17.365.041.732.788.000
Greece,2015,17.740.556.716.918.900
Greece,2016,16.328.920.364.379.800
Greece,2017,16.218.265.533.447.200
Greenland,1990,15.076.850.891.113.200
Greenland,1995,15.157.519.340.515.100
Greenland,2000,13.957.062.721.252.400
Greenland,2005,13.768.933.296.203.600
Greenland,2010,13.922.324.180.603.000
Greenland,2011,1.409.660.530.090.330
Greenland,2012,1.340.669.059.753.410
Greenland,2013,12.757.967.948.913.500
Greenland,2014,12.510.547.637.939.400
Greenland,2015,11.762.039.184.570.300
Greenland,2016,11.572.504.997.253.400
Greenland,2017,11.602.179.527.282.700
Grenada,1990,27.733.057.022.094.700
Grenada,1995,2.773.430.633.544.920
Grenada,2000,27.482.900.619.506.800
Grenada,2005,2.777.715.492.248.530
Grenada,2010,2.747.290.802.001.950
Grenada,2011,28.139.514.923.095.700
Grenada,2012,26.468.917.846.679.600
Grenada,2013,25.847.307.205.200.100
Grenada,2014,24.287.031.173.706.000
Grenada,2015,24.162.782.669.067.300
Grenada,2016,22.888.690.948.486.300
Grenada,2017,22.722.686.767.578.100
Guam,1990,11.816.009.521.484.300
Guam,1995,11.812.917.709.350.500
Guam,2000,14.314.162.254.333.400
Guam,2005,1.380.854.320.526.120
Guam,2010,13.888.340.950.012.200
Guam,2011,14.103.532.791.137.600
Guam,2012,13.242.301.940.917.900
Guam,2013,1.278.879.451.751.700
Guam,2014,12.022.552.490.234.300
Guam,2015,12.531.783.103.942.800
Guam,2016,1.165.176.773.071.280
Guam,2017,11.634.407.043.457.000
Guatemala,1990,2.951.331.901.550.290
Guatemala,1995,30.168.352.127.075.100
Guatemala,2000,3.106.172.752.380.370
Guatemala,2005,3.146.465.301.513.670
Guatemala,2010,29.982.589.721.679.600
Guatemala,2011,31.727.331.161.499.000
Guatemala,2012,29.886.259.078.979.400
Guatemala,2013,3.005.682.373.046.870
Guatemala,2014,26.527.854.919.433.500
Guatemala,2015,25.072.725.296.020.500
Guatemala,2016,23.797.828.674.316.400
Guatemala,2017,24.070.648.193.359.300
Guinea,1990,2.469.337.272.644.040
Guinea,1995,24.181.432.723.999.000
Guinea,2000,24.034.873.962.402.300
Guinea,2005,22.445.125.579.833.900
Guinea,2010,21.971.027.374.267.500
Guinea,2011,2.244.536.018.371.580
Guinea,2012,22.989.965.438.842.700
Guinea,2013,21.258.562.088.012.600
Guinea,2014,21.196.672.439.575.100
Guinea,2015,2.694.288.444.519.040
Guinea,2016,24.777.713.775.634.700
Guinea,2017,26.062.490.463.256.800
Guinea-Bissau,1990,3.058.919.334.411.620
Guinea-Bissau,1995,3.047.041.893.005.370
Guinea-Bissau,2000,30.456.884.384.155.200
Guinea-Bissau,2005,268.405.704.498.291
Guinea-Bissau,2010,2.683.635.902.404.780
Guinea-Bissau,2011,27.389.440.536.499.000
Guinea-Bissau,2012,2.709.021.759.033.200
Guinea-Bissau,2013,26.524.208.068.847.600
Guinea-Bissau,2014,26.940.959.930.419.900
Guinea-Bissau,2015,31.791.271.209.716.700
Guinea-Bissau,2016,29.585.866.928.100.500
Guinea-Bissau,2017,29.774.702.072.143.500
Guyana,1990,2.494.626.235.961.910
Guyana,1995,2.443.404.197.692.870
Guyana,2000,27.390.953.063.964.800
Guyana,2005,2.777.781.105.041.500
Guyana,2010,27.311.864.852.905.200
Guyana,2011,27.929.424.285.888.600
Guyana,2012,2.690.129.852.294.920
Guyana,2013,2.485.550.308.227.530
Guyana,2014,23.648.265.838.623.000
Guyana,2015,23.887.882.232.666.000
Guyana,2016,22.371.498.107.910.100
Guyana,2017,22.375.574.111.938.400
Haiti,1990,17.303.722.381.591.700
Haiti,1995,18.262.939.453.125
Haiti,2000,177.797.908.782.959
Haiti,2005,17.461.772.918.701.100
Haiti,2010,17.795.242.309.570.300
Haiti,2011,18.757.917.404.174.800
Haiti,2012,1.748.024.559.020.990
Haiti,2013,16.767.011.642.456.000
Haiti,2014,16.262.224.197.387.600
Haiti,2015,15.540.277.481.079.100
Haiti,2016,15.086.483.001.708.900
Haiti,2017,15.019.824.028.015.100
High income,1990,16.642.749.786.376.900
High income,1995,16.228.591.918.945.300
High income,2000,1.620.960.235.595.700
High income,2005,16.325.721.740.722.600
High income,2010,1.667.738.151.550.290
High income,2011,1.696.734.046.936.030
High income,2012,16.087.749.481.201.100
High income,2013,15.887.727.737.426.700
High income,2014,14.993.806.838.989.200
High income,2015,15.825.737.953.186.000
High income,2016,14.528.249.740.600.500
High income,2017,14.693.316.459.655.700
Honduras,1990,27.112.571.716.308.500
Honduras,1995,27.808.025.360.107.400
Honduras,2000,27.571.624.755.859.300
Honduras,2005,28.079.551.696.777.300
Honduras,2010,26.882.951.736.450.100
Honduras,2011,28.900.747.299.194.300
Honduras,2012,274.471.492.767.334
Honduras,2013,2.768.413.543.701.170
Honduras,2014,23.161.540.985.107.400
Honduras,2015,2.240.619.659.423.820
Honduras,2016,21.086.959.838.867.100
Honduras,2017,2.062.885.093.688.960
Hungary,1990,21.839.860.916.137.600
Hungary,1995,20.017.446.517.944.300
Hungary,2000,18.981.849.670.410.100
Hungary,2005,19.466.550.827.026.300
Hungary,2010,1.913.552.474.975.580
Hungary,2011,19.360.689.163.208.000
Hungary,2012,1.752.996.063.232.420
Hungary,2013,17.231.830.596.923.800
Hungary,2014,1.631.532.859.802.240
Hungary,2015,1.723.213.005.065.910
Hungary,2016,15.885.350.227.355.900
Hungary,2017,15.926.048.278.808.500
Iceland,1990,843.009.090.423.584
Iceland,1995,8.171.578.407.287.590
Iceland,2000,7.954.558.372.497.550
Iceland,2005,7.842.946.529.388.420
Iceland,2010,7.856.536.865.234.370
Iceland,2011,8.098.884.582.519.530
Iceland,2012,73.369.293.212.890.600
Iceland,2013,7.171.206.951.141.350
Iceland,2014,6.948.896.408.081.050
Iceland,2015,6.927.968.978.881.830
Iceland,2016,6.607.654.094.696.040
Iceland,2017,6.481.147.289.276.120
India,1990,8.129.063.415.527.340
India,1995,8.277.130.126.953.120
India,2000,8.416.480.255.126.950
India,2005,9.032.646.179.199.210
India,2010,957.581.787.109.375
India,2011,9.759.938.049.316.400
India,2012,8.816.944.122.314.450
India,2013,9.180.479.431.152.340
India,2014,8.962.238.311.767.570
India,2015,8.930.333.709.716.790
India,2016,8.967.218.017.578.120
India,2017,9.087.320.709.228.510
Indonesia,1990,18.052.810.668.945.300
Indonesia,1995,18.164.766.311.645.500
Indonesia,2000,17.877.389.907.836.900
Indonesia,2005,18.926.637.649.536.100
Indonesia,2010,18.169.281.005.859.300
Indonesia,2011,18.049.652.099.609.300
Indonesia,2012,18.170.169.830.322.200
Indonesia,2013,16.879.180.908.203.100
Indonesia,2014,16.454.631.805.419.900
Indonesia,2015,1.664.027.976.989.740
Indonesia,2016,16.384.153.366.088.800
Indonesia,2017,16.502.653.121.948.200
Iran,1990,38.071.739.196.777.300
Iran,1995,3.772.776.412.963.860
Iran,2000,3.841.777.801.513.670
Iran,2005,3.762.776.565.551.750
Iran,2010,386.515.007.019.043
Iran,2011,3.804.969.024.658.200
Iran,2012,3.854.205.322.265.620
Iran,2013,3.810.109.329.223.630
Iran,2014,38.109.493.255.615.200
Iran,2015,39.610.530.853.271.400
Iran,2016,3.884.130.096.435.540
Iran,2017,38.978.759.765.625
Iraq,1990,6.371.657.180.786.130
Iraq,1995,6.326.491.928.100.580
Iraq,2000,6.245.795.822.143.550
Iraq,2005,6.285.178.756.713.860
Iraq,2010,687.114.028.930.664
Iraq,2011,6.636.260.986.328.120
Iraq,2012,6.684.207.916.259.760
Iraq,2013,63.802.696.228.027.300
Iraq,2014,5.656.703.186.035.150
Iraq,2015,662.650.375.366.211
Iraq,2016,63.954.795.837.402.300
Iraq,2017,61.636.234.283.447.200
Ireland,1990,10.405.027.389.526.300
Ireland,1995,10.149.260.520.935.000
Ireland,2000,10.137.776.374.816.800
Ireland,2005,9.922.228.813.171.380
Ireland,2010,9.976.374.626.159.660
Ireland,2011,10.285.079.002.380.300
Ireland,2012,952.269.172.668.457
Ireland,2013,9.360.153.198.242.180
Ireland,2014,8.750.521.659.851.070
Ireland,2015,8.672.473.907.470.700
Ireland,2016,8.279.163.360.595.700
Ireland,2017,8.208.577.156.066.890
Israel,1990,24.810.527.801.513.600
Israel,1995,24.317.306.518.554.600
Israel,2000,24.503.623.962.402.300
Israel,2005,229.827.938.079.834
Israel,2010,24.019.237.518.310.500
Israel,2011,23.904.685.974.121.000
Israel,2012,23.038.848.876.953.100
Israel,2013,22.946.331.024.169.900
Israel,2014,22.059.146.881.103.500
Israel,2015,22.779.783.248.901.300
Israel,2016,20.765.701.293.945.300
Israel,2017,21.381.101.608.276.300
Italy,1990,2.131.972.885.131.830
Italy,1995,20.270.069.122.314.400
Italy,2000,19.777.334.213.256.800
Italy,2005,1.960.087.776.184.080
Italy,2010,19.025.230.407.714.800
Italy,2011,19.994.266.510.009.700
Italy,2012,18.105.247.497.558.500
Italy,2013,17.757.722.854.614.200
Italy,2014,17.769.269.943.237.300
Italy,2015,1.789.144.515.991.210
Italy,2016,16.490.373.611.450.100
Italy,2017,1.675.071.144.104.000
Jamaica,1990,15.953.864.097.595.200
Jamaica,1995,15.919.053.077.697.700
Jamaica,2000,15.893.815.994.262.600
Jamaica,2005,16.009.632.110.595.700
Jamaica,2010,1.609.171.485.900.870
Jamaica,2011,16.542.499.542.236.300
Jamaica,2012,15.460.471.153.259.200
Jamaica,2013,1.493.139.934.539.790
Jamaica,2014,14.074.331.283.569.300
Jamaica,2015,1.417.665.958.404.540
Jamaica,2016,13.395.963.668.823.200
Jamaica,2017,1.340.415.096.282.950
Japan,1990,14.416.359.901.428.200
Japan,1995,1.431.252.384.185.790
Japan,2000,14.209.626.197.814.900
Japan,2005,14.348.666.191.101.000
Japan,2010,14.142.337.799.072.200
Japan,2011,14.141.031.265.258.700
Japan,2012,1.312.887.191.772.460
Japan,2013,13.362.558.364.868.100
Japan,2014,12.586.616.516.113.200
Japan,2015,12.687.459.945.678.700
Japan,2016,11.623.922.348.022.400
Japan,2017,11.704.777.717.590.300
Jordan,1990,35.343.116.760.253.900
Jordan,1995,3.460.586.166.381.830
Jordan,2000,33.511.444.091.796.800
Jordan,2005,3.248.283.767.700.190
Jordan,2010,33.550.567.626.953.100
Jordan,2011,3.301.726.150.512.690
Jordan,2012,3.301.693.344.116.210
Jordan,2013,3.341.761.016.845.700
Jordan,2014,33.205.421.447.753.900
Jordan,2015,34.305.450.439.453.100
Jordan,2016,3.317.661.666.870.110
Jordan,2017,33.006.080.627.441.400
Kazakhstan,1990,1.687.025.260.925.290
Kazakhstan,1995,15.732.687.950.134.200
Kazakhstan,2000,15.944.765.090.942.300
Kazakhstan,2005,15.618.640.899.658.200
Kazakhstan,2010,15.914.493.560.791.000
Kazakhstan,2011,1.524.383.544.921.870
Kazakhstan,2012,14.481.038.093.566.800
Kazakhstan,2013,14.598.564.147.949.200
Kazakhstan,2014,13.749.753.952.026.300
Kazakhstan,2015,14.384.801.864.624.000
Kazakhstan,2016,1.308.443.832.397.460
Kazakhstan,2017,13.824.288.368.225.000
Kenya,1990,2.854.755.210.876.460
Kenya,1995,2.852.077.865.600.580
Kenya,2000,28.385.498.046.875
Kenya,2005,27.477.298.736.572.200
Kenya,2010,28.154.769.897.460.900
Kenya,2011,28.662.883.758.544.900
Kenya,2012,2.937.228.012.084.960
Kenya,2013,28.935.344.696.044.900
Kenya,2014,28.949.350.357.055.600
Kenya,2015,28.536.279.678.344.700
Kenya,2016,28.583.377.838.134.700
Kenya,2017,285.783.748.626.709
Kiribati,1990,13.115.091.323.852.500
Kiribati,1995,13.428.020.477.294.900
Kiribati,2000,13.521.965.026.855.400
Kiribati,2005,13.345.588.684.082.000
Kiribati,2010,13.175.041.198.730.400
Kiribati,2011,13.358.154.296.875
Kiribati,2012,12.594.231.605.529.700
Kiribati,2013,12.325.297.355.651.800
Kiribati,2014,11.393.742.561.340.300
Kiribati,2015,11.514.318.466.186.500
Kiribati,2016,1.053.783.893.585.200
Kiribati,2017,1.064.085.578.918.450
Kuwait,1990,6.055.584.716.796.870
Kuwait,1995,6.005.729.675.292.960
Kuwait,2000,6.148.199.462.890.620
Kuwait,2005,59.673.988.342.285.100
Kuwait,2010,62.743.980.407.714.800
Kuwait,2011,6.282.540.512.084.960
Kuwait,2012,6.407.090.759.277.340
Kuwait,2013,6.261.130.905.151.360
Kuwait,2014,55.623.905.181.884.700
Kuwait,2015,6.540.607.452.392.570
Kuwait,2016,6.084.385.299.682.610
Kuwait,2017,6.074.515.914.916.990
Kyrgyzstan,1990,26.156.599.044.799.800
Kyrgyzstan,1995,25.435.758.590.698.200
Kyrgyzstan,2000,27.080.219.268.798.800
Kyrgyzstan,2005,26.777.441.024.780.200
Kyrgyzstan,2010,272.653.865.814.209
Kyrgyzstan,2011,27.517.602.920.532.200
Kyrgyzstan,2012,25.489.831.924.438.400
Kyrgyzstan,2013,2.544.035.530.090.330
Kyrgyzstan,2014,2.329.819.107.055.660
Kyrgyzstan,2015,24.344.736.099.243.100
Kyrgyzstan,2016,23.195.556.640.625
Kyrgyzstan,2017,22.737.768.173.217.700
Laos,1990,26.536.298.751.831.000
Laos,1995,2.709.515.953.063.960
Laos,2000,27.545.066.833.496.000
Laos,2005,30.170.209.884.643.500
Laos,2010,31.731.996.536.254.800
Laos,2011,29.669.660.568.237.300
Laos,2012,3.029.741.859.436.030
Laos,2013,30.259.489.059.448.200
Laos,2014,2.839.017.105.102.530
Laos,2015,26.139.488.220.214.800
Laos,2016,2.580.101.776.123.040
Laos,2017,25.109.539.031.982.400
Latin America and Caribbean,1990,19.608.673.095.703.100
Latin America and Caribbean,1995,19.983.606.338.500.900
Latin America and Caribbean,2000,2.080.459.213.256.830
Latin America and Caribbean,2005,2.106.966.209.411.620
Latin America and Caribbean,2010,2.105.366.325.378.410
Latin America and Caribbean,2011,2.150.909.996.032.710
Latin America and Caribbean,2012,20.440.597.534.179.600
Latin America and Caribbean,2013,1.976.987.648.010.250
Latin America and Caribbean,2014,18.391.788.482.666.000
Latin America and Caribbean,2015,1.775.361.442.565.910
Latin America and Caribbean,2016,16.699.798.583.984.300
Latin America and Caribbean,2017,1.670.843.505.859.370
Latvia,1990,19.023.418.426.513.600
Latvia,1995,1.731.863.021.850.580
Latvia,2000,16.719.966.888.427.700
Latvia,2005,16.855.894.088.745.100
Latvia,2010,1.711.506.462.097.160
Latvia,2011,16.572.675.704.956.000
Latvia,2012,15.598.559.379.577.600
Latvia,2013,14.884.307.861.328.100
Latvia,2014,14.879.085.540.771.400
Latvia,2015,13.968.201.637.268.000
Latvia,2016,13.447.471.618.652.300
Latvia,2017,13.426.457.405.090.300
Lebanon,1990,3.034.220.314.025.870
Lebanon,1995,298.450.927.734.375
Lebanon,2000,30.614.206.314.086.900
Lebanon,2005,30.024.768.829.345.700
Lebanon,2010,3.089.212.417.602.530
Lebanon,2011,30.069.107.055.664.000
Lebanon,2012,30.108.051.300.048.800
Lebanon,2013,30.588.098.526.000.900
Lebanon,2014,3.044.456.672.668.450
Lebanon,2015,3.122.929.573.059.080
Lebanon,2016,301.718.692.779.541
Lebanon,2017,30.621.110.916.137.600
Lesotho,1990,3.070.374.298.095.700
Lesotho,1995,31.661.033.630.371.000
Lesotho,2000,3.149.014.663.696.280
Lesotho,2005,30.098.922.729.492.100
Lesotho,2010,32.240.596.771.240.200
Lesotho,2011,313.547.420.501.709
Lesotho,2012,3.121.324.348.449.700
Lesotho,2013,3.214.869.689.941.400
Lesotho,2014,33.080.101.013.183.500
Lesotho,2015,30.884.977.340.698.200
Lesotho,2016,28.336.833.953.857.400
Lesotho,2017,28.028.654.098.510.700
Liberia,1990,17.123.428.344.726.500
Liberia,1995,1.717.619.514.465.330
Liberia,2000,17.253.143.310.546.800
Liberia,2005,1.602.440.643.310.540
Liberia,2010,15.249.197.006.225.500
Liberia,2011,16.147.050.857.543.900
Liberia,2012,162.882.080.078.125
Liberia,2013,15.382.857.322.692.800
Liberia,2014,14.942.270.278.930.600
Liberia,2015,18.212.804.794.311.500
Liberia,2016,17.886.777.877.807.600
Liberia,2017,17.984.111.785.888.600
Libya,1990,450.634.880.065.918
Libya,1995,4.671.104.049.682.610
Libya,2000,4.625.517.272.949.210
Libya,2005,47.126.190.185.546.800
Libya,2010,501.472.282.409.668
Libya,2011,4.463.173.294.067.380
Libya,2012,4.491.136.169.433.590
Libya,2013,49.279.483.795.166.000
Libya,2014,475.012.321.472.168
Libya,2015,5.153.263.854.980.460
Libya,2016,52.129.207.611.083.900
Libya,2017,5.425.468.063.354.490
Lithuania,1990,16.398.101.806.640.600
Lithuania,1995,15.000.761.032.104.400
Lithuania,2000,14.428.132.057.189.900
Lithuania,2005,1.446.207.046.508.780
Lithuania,2010,14.971.064.567.565.900
Lithuania,2011,14.509.682.655.334.400
Lithuania,2012,13.784.524.917.602.500
Lithuania,2013,12.981.191.635.131.800
Lithuania,2014,12.845.193.862.915.000
Lithuania,2015,12.455.035.209.655.700
Lithuania,2016,11.821.615.219.116.200
Lithuania,2017,1.185.328.197.479.240
Low and middle income,1990,5.081.916.427.612.300
Low and middle income,1995,51.369.441.986.083.900
Low and middle income,2000,52.375.709.533.691.400
Low and middle income,2005,5.506.820.297.241.210
Low and middle income,2010,5.709.500.503.540.030
Low and middle income,2011,5.760.694.122.314.450
Low and middle income,2012,53.850.242.614.746.000
Low and middle income,2013,54.352.867.126.464.800
Low and middle income,2014,52.085.899.353.027.300
Low and middle income,2015,5.342.578.887.939.450
Low and middle income,2016,5.114.860.916.137.690
Low and middle income,2017,5.151.258.850.097.650
Low income,1990,4.222.258.758.544.920
Low income,1995,4.253.187.561.035.150
Low income,2000,4.208.061.599.731.440
Low income,2005,4.048.748.016.357.420
Low income,2010,40.197.540.283.203.100
Low income,2011,4.112.166.976.928.710
Low income,2012,4.144.766.616.821.280
Low income,2013,4.040.669.250.488.280
Low income,2014,39.384.254.455.566.400
Low income,2015,4.427.626.037.597.650
Low income,2016,43.018.463.134.765.600
Low income,2017,4.330.572.509.765.620
Lower middle income,1990,59.042.388.916.015.600
Lower middle income,1995,59.512.168.884.277.300
Lower middle income,2000,60.258.567.810.058.500
Lower middle income,2005,6.313.447.952.270.500
Lower middle income,2010,655.545.883.178.711
Lower middle income,2011,6.598.172.760.009.760
Lower middle income,2012,61.767.059.326.171.800
Lower middle income,2013,6.239.400.863.647.460
Lower middle income,2014,6.111.412.048.339.840
Lower middle income,2015,6.306.246.566.772.460
Lower middle income,2016,62.172.603.607.177.700
Lower middle income,2017,6.262.095.260.620.110
Luxembourg,1990,13.694.461.822.509.700
Luxembourg,1995,12.947.626.113.891.600
Luxembourg,2000,1.256.956.672.668.450
Luxembourg,2005,12.355.535.507.202.100
Luxembourg,2010,12.958.784.103.393.500
Luxembourg,2011,12.685.996.055.603.000
Luxembourg,2012,11.775.575.637.817.300
Luxembourg,2013,1.160.538.387.298.580
Luxembourg,2014,10.857.613.563.537.500
Luxembourg,2015,11.006.654.739.379.800
Luxembourg,2016,10.311.981.201.171.800
Luxembourg,2017,1.036.463.737.487.790
Madagascar,1990,222.735.595.703.125
Madagascar,1995,2.229.494.857.788.080
Madagascar,2000,21.872.400.283.813.400
Madagascar,2005,23.294.063.568.115.200
Madagascar,2010,22.662.010.192.871.000
Madagascar,2011,2.336.285.972.595.210
Madagascar,2012,227.164.249.420.166
Madagascar,2013,23.909.162.521.362.300
Madagascar,2014,2.351.776.695.251.460
Madagascar,2015,22.950.401.306.152.300
Madagascar,2016,22.895.708.084.106.400
Madagascar,2017,22.542.282.104.492.100
Malawi,1990,2.646.902.847.290.030
Malawi,1995,2.638.950.538.635.250
Malawi,2000,26.142.086.029.052.700
Malawi,2005,25.627.405.166.625.900
Malawi,2010,25.696.197.509.765.600
Malawi,2011,25.165.008.544.921.800
Malawi,2012,25.738.401.412.963.800
Malawi,2013,2.468.347.930.908.200
Malawi,2014,2.519.822.883.605.950
Malawi,2015,24.537.429.809.570.300
Malawi,2016,23.092.615.127.563.400
Malawi,2017,23.565.921.783.447.200
Malaysia,1990,17.294.448.852.539.000
Malaysia,1995,17.682.531.356.811.500
Malaysia,2000,18.076.169.967.651.300
Malaysia,2005,19.377.811.431.884.700
Malaysia,2010,18.593.753.814.697.200
Malaysia,2011,19.202.608.108.520.500
Malaysia,2012,19.182.222.366.333.000
Malaysia,2013,17.554.447.174.072.200
Malaysia,2014,16.923.154.830.932.600
Malaysia,2015,1.744.091.033.935.540
Malaysia,2016,15.751.286.506.652.800
Malaysia,2017,16.035.808.563.232.400
Maldives,1990,114.329.195.022.583
Maldives,1995,11.509.395.599.365.200
Maldives,2000,11.089.532.852.172.800
Maldives,2005,11.435.359.001.159.600
Maldives,2010,11.309.829.711.914.000
Maldives,2011,11.789.634.704.589.800
Maldives,2012,11.157.482.147.216.700
Maldives,2013,10.569.679.260.253.900
Maldives,2014,9.921.231.269.836.420
Maldives,2015,9.373.944.282.531.730
Maldives,2016,7.972.428.798.675.530
Maldives,2017,7.795.820.713.043.210
Mali,1990,4.152.876.663.208.000
Mali,1995,40.572.479.248.046.800
Mali,2000,3.980.005.645.751.950
Mali,2005,3.784.408.187.866.210
Mali,2010,3.639.765.930.175.780
Mali,2011,3.514.164.352.416.990
Mali,2012,34.700.225.830.078.100
Mali,2013,3.230.682.373.046.870
Mali,2014,33.916.114.807.128.900
Mali,2015,4.192.692.947.387.690
Mali,2016,3.848.039.627.075.190
Mali,2017,38.526.607.513.427.700
Malta,1990,16.854.869.842.529.200
Malta,1995,16.661.745.071.411.100
Malta,2000,1.653.494.644.165.030
Malta,2005,1.610.447.883.605.950
Malta,2010,16.449.399.948.120.100
Malta,2011,16.644.304.275.512.600
Malta,2012,15.397.160.530.090.300
Malta,2013,15.281.944.274.902.300
Malta,2014,14.435.403.823.852.500
Malta,2015,1.472.246.265.411.370
Malta,2016,13.811.394.691.467.200
Malta,2017,1.390.954.303.741.450
Marshall Islands,1990,13.063.594.818.115.200
Marshall Islands,1995,13.338.399.887.084.900
Marshall Islands,2000,13.043.412.208.557.100
Marshall Islands,2005,12.926.919.937.133.700
Marshall Islands,2010,12.946.708.679.199.200
Marshall Islands,2011,12.932.170.867.919.900
Marshall Islands,2012,12.123.533.248.901.300
Marshall Islands,2013,11.874.388.694.763.100
Marshall Islands,2014,11.070.219.993.591.300
Marshall Islands,2015,10.837.668.418.884.200
Marshall Islands,2016,10.152.002.334.594.700
Marshall Islands,2017,10.241.332.054.138.100
Mauritania,1990,50.068.321.228.027.300
Mauritania,1995,4.841.496.276.855.460
Mauritania,2000,48.860.252.380.371.000
Mauritania,2005,4.187.260.055.541.990
Mauritania,2010,39.637.413.024.902.300
Mauritania,2011,4.004.314.422.607.420
Mauritania,2012,4.234.351.348.876.950
Mauritania,2013,40.215.789.794.921.800
Mauritania,2014,43.110.782.623.291.000
Mauritania,2015,4.949.825.668.334.960
Mauritania,2016,4.666.758.728.027.340
Mauritania,2017,4.742.299.270.629.880
Mauritius,1990,15.772.930.145.263.600
Mauritius,1995,15.756.579.399.108.800
Mauritius,2000,15.398.037.910.461.400
Mauritius,2005,15.537.249.565.124.500
Mauritius,2010,15.194.772.720.336.900
Mauritius,2011,15.201.702.117.919.900
Mauritius,2012,15.245.856.285.095.200
Mauritius,2013,1.555.617.618.560.790
Mauritius,2014,15.292.648.315.429.600
Mauritius,2015,1.444.195.556.640.620
Mauritius,2016,14.346.379.280.090.300
Mauritius,2017,144.578.275.680.542
Mexico,1990,23.516.557.693.481.400
Mexico,1995,2.413.661.003.112.790
Mexico,2000,2.677.918.243.408.200
Mexico,2005,26.862.899.780.273.400
Mexico,2010,2.636.543.846.130.370
Mexico,2011,27.741.296.768.188.400
Mexico,2012,25.981.658.935.546.800
Mexico,2013,2.544.908.905.029.290
Mexico,2014,23.099.689.483.642.500
Mexico,2015,2.213.299.560.546.870
Mexico,2016,20.706.829.071.044.900
Mexico,2017,2.092.111.587.524.410
Micronesia (country),1990,14.010.982.513.427.700
Micronesia (country),1995,14.070.062.637.329.100
Micronesia (country),2000,14.124.484.062.194.800
Micronesia (country),2005,14.006.300.926.208.400
Micronesia (country),2010,13.749.245.643.615.700
Micronesia (country),2011,1.373.165.225.982.660
Micronesia (country),2012,12.974.438.667.297.300
Micronesia (country),2013,12.742.515.563.964.800
Micronesia (country),2014,1.186.686.897.277.830
Micronesia (country),2015,11.725.984.573.364.200
Micronesia (country),2016,1.113.451.099.395.750
Micronesia (country),2017,1.128.339.958.190.910
Middle East and North Africa,1990,5.021.142.578.125
Middle East and North Africa,1995,4.945.882.797.241.210
Middle East and North Africa,2000,5.041.402.816.772.460
Middle East and North Africa,2005,49.824.127.197.265.600
Middle East and North Africa,2010,5.181.085.968.017.570
Middle East and North Africa,2011,5.026.054.763.793.940
Middle East and North Africa,2012,5.106.016.159.057.610
Middle East and North Africa,2013,519.404.411.315.918
Middle East and North Africa,2014,5.052.293.014.526.360
Middle East and North Africa,2015,57.018.341.064.453.100
Middle East and North Africa,2016,558.067.512.512.207
Middle East and North Africa,2017,55.667.964.935.302.700
Middle income,1990,51.450.103.759.765.600
Middle income,1995,52.061.832.427.978.500
Middle income,2000,532.370.719.909.668
Middle income,2005,56.390.541.076.660.100
Middle income,2010,5.875.699.234.008.780
Middle income,2011,59.251.949.310.302.700
Middle income,2012,55.104.793.548.583.900
Middle income,2013,5.578.244.400.024.410
Middle income,2014,5.340.554.428.100.580
Middle income,2015,543.896.598.815.918
Middle income,2016,5.201.735.305.786.130
Middle income,2017,5.240.227.127.075.190
Moldova,1990,2.284.505.271.911.620
Moldova,1995,20.890.161.514.282.200
Moldova,2000,19.581.100.463.867.100
Moldova,2005,19.144.521.713.256.800
Moldova,2010,19.116.104.125.976.500
Moldova,2011,19.924.867.630.004.800
Moldova,2012,18.409.284.591.674.800
Moldova,2013,1.743.239.974.975.580
Moldova,2014,1.672.646.141.052.240
Moldova,2015,17.079.139.709.472.600
Moldova,2016,16.363.798.141.479.400
Moldova,2017,1.625.103.187.561.030
Mongolia,1990,379.155.387.878.418
Mongolia,1995,3.683.717.727.661.130
Mongolia,2000,39.032.527.923.583.900
Mongolia,2005,3.972.640.609.741.210
Mongolia,2010,4.330.465.316.772.460
Mongolia,2011,4.536.016.845.703.120
Mongolia,2012,4.265.437.316.894.530
Mongolia,2013,42.321.311.950.683.500
Mongolia,2014,3.929.513.931.274.410
Mongolia,2015,425.146.484.375
Mongolia,2016,38.222.816.467.285.100
Mongolia,2017,40.112.850.189.208.900
Montenegro,1990,28.599.088.668.823.200
Montenegro,1995,2.780.047.607.421.870
Montenegro,2000,26.001.245.498.657.200
Montenegro,2005,2.556.279.182.434.080
Montenegro,2010,2.505.540.657.043.450
Montenegro,2011,2.662.922.477.722.160
Montenegro,2012,246.803.035.736.084
Montenegro,2013,2.327.422.523.498.530
Montenegro,2014,21.947.052.001.953.100
Montenegro,2015,22.559.690.475.463.800
Montenegro,2016,2.092.405.128.479.000
Montenegro,2017,2.078.181.266.784.660
Morocco,1990,30.255.491.256.713.800
Morocco,1995,3.042.096.519.470.210
Morocco,2000,30.967.449.188.232.400
Morocco,2005,3.096.781.349.182.120
Morocco,2010,2.964.896.011.352.530
Morocco,2011,29.266.563.415.527.300
Morocco,2012,27.790.283.203.125
Morocco,2013,29.259.519.577.026.300
Morocco,2014,2.994.944.953.918.450
Morocco,2015,31.440.086.364.746.000
Morocco,2016,3.293.537.521.362.300
Morocco,2017,3.259.354.019.165.030
Mozambique,1990,23.382.858.276.367.100
Mozambique,1995,22.796.581.268.310.500
Mozambique,2000,2.268.627.166.748.040
Mozambique,2005,22.663.230.895.996.000
Mozambique,2010,2.356.146.812.438.960
Mozambique,2011,22.609.071.731.567.300
Mozambique,2012,2.286.760.139.465.330
Mozambique,2013,22.636.159.896.850.500
Mozambique,2014,22.614.164.352.416.900
Mozambique,2015,21.905.881.881.713.800
Mozambique,2016,21.471.824.645.996.000
Mozambique,2017,21.298.694.610.595.700
Myanmar,1990,3.980.947.494.506.830
Myanmar,1995,40.765.254.974.365.200
Myanmar,2000,3.936.165.237.426.750
Myanmar,2005,4.332.145.309.448.240
Myanmar,2010,44.056.114.196.777.300
Myanmar,2011,43.619.903.564.453.100
Myanmar,2012,4.252.281.188.964.840
Myanmar,2013,42.882.869.720.458.900
Myanmar,2014,4.028.896.713.256.830
Myanmar,2015,385.137.825.012.207
Myanmar,2016,360.337.028.503.418
Myanmar,2017,3.555.745.315.551.750
Namibia,1990,2.874.979.019.165.030
Namibia,1995,27.497.596.740.722.600
Namibia,2000,27.433.818.817.138.600
Namibia,2005,27.619.760.513.305.600
Namibia,2010,27.659.896.850.585.900
Namibia,2011,27.010.154.724.121.000
Namibia,2012,26.798.707.962.036.100
Namibia,2013,27.092.815.399.169.900
Namibia,2014,2.601.812.171.936.030
Namibia,2015,26.910.017.013.549.800
Namibia,2016,25.552.141.189.575.100
Namibia,2017,253.587.646.484.375
Nepal,1990,8.759.845.733.642.570
Nepal,1995,9.068.716.430.664.060
Nepal,2000,8.894.302.368.164.060
Nepal,2005,9.321.824.645.996.090
Nepal,2010,10.078.443.145.751.900
Nepal,2011,10.076.605.987.548.800
Nepal,2012,9.696.329.498.291.010
Nepal,2013,953.139.877.319.336
Nepal,2014,9.811.602.020.263.670
Nepal,2015,9.625.276.947.021.480
Nepal,2016,980.547.103.881.836
Nepal,2017,99.734.375
Netherlands,1990,16.469.402.313.232.400
Netherlands,1995,15.561.695.098.876.900
Netherlands,2000,14.928.680.419.921.800
Netherlands,2005,14.578.018.188.476.500
Netherlands,2010,15.232.430.458.068.800
Netherlands,2011,14.988.138.198.852.500
Netherlands,2012,13.812.414.169.311.500
Netherlands,2013,13.043.145.179.748.500
Netherlands,2014,12.828.797.340.393.000
Netherlands,2015,1.293.210.506.439.200
Netherlands,2016,12.025.242.805.480.900
Netherlands,2017,12.034.407.615.661.600
New Zealand,1990,7.143.831.253.051.750
New Zealand,1995,7.204.397.201.538.080
New Zealand,2000,7.162.288.665.771.480
New Zealand,2005,7.037.087.440.490.720
New Zealand,2010,7.152.865.886.688.230
New Zealand,2011,7.420.696.258.544.920
New Zealand,2012,68.358.354.568.481.400
New Zealand,2013,6.781.885.623.931.880
New Zealand,2014,6.357.903.480.529.780
New Zealand,2015,63.304.338.455.200.100
New Zealand,2016,5.987.363.338.470.450
New Zealand,2017,5.956.001.281.738.280
Nicaragua,1990,22.600.160.598.754.800
Nicaragua,1995,22.347.902.297.973.600
Nicaragua,2000,23.053.407.669.067.300
Nicaragua,2005,23.029.436.111.450.100
Nicaragua,2010,2.249.226.951.599.120
Nicaragua,2011,22.479.520.797.729.400
Nicaragua,2012,22.352.710.723.876.900
Nicaragua,2013,21.929.075.241.088.800
Nicaragua,2014,1.938.772.201.538.080
Nicaragua,2015,1.856.913.185.119.620
Nicaragua,2016,1.772.772.979.736.320
Nicaragua,2017,17.614.179.611.206.000
Niger,1990,9.059.636.688.232.420
Niger,1995,8.863.159.942.626.950
Niger,2000,8.750.675.964.355.460
Niger,2005,7.343.849.182.128.900
Niger,2010,6.915.017.700.195.310
Niger,2011,729.827.651.977.539
Niger,2012,7.254.464.721.679.680
Niger,2013,63.031.715.393.066.400
Niger,2014,60.541.358.947.753.900
Niger,2015,8.728.128.051.757.810
Niger,2016,877.084.732.055.664
Niger,2017,9.405.381.774.902.340
Nigeria,1990,7.212.557.220.458.980
Nigeria,1995,6.871.003.723.144.530
Nigeria,2000,6.755.432.891.845.700
Nigeria,2005,59.658.138.275.146.400
Nigeria,2010,5.260.906.219.482.420
Nigeria,2011,5.097.309.112.548.820
Nigeria,2012,56.129.638.671.875
Nigeria,2013,4.974.068.832.397.460
Nigeria,2014,4.863.337.326.049.800
Nigeria,2015,7.539.899.444.580.070
Nigeria,2016,7.136.959.838.867.180
Nigeria,2017,7.179.817.199.707.030
North America,1990,9.554.770.469.665.520
North America,1995,9.421.870.231.628.410
North America,2000,9.404.172.897.338.860
North America,2005,950.123.119.354.248
North America,2010,9.263.171.195.983.880
North America,2011,963.081.169.128.418
North America,2012,8.914.901.733.398.430
North America,2013,864.144.229.888.916
North America,2014,814.222.526.550.293
North America,2015,7.973.349.571.228.020
North America,2016,7.321.048.259.735.100
North America,2017,7.311.074.733.734.130
North Korea,1990,3.845.306.396.484.370
North Korea,1995,3.835.749.053.955.070
North Korea,2000,3.816.205.596.923.820
North Korea,2005,390.947.151.184.082
North Korea,2010,39.342.655.181.884.700
North Korea,2011,38.893.367.767.333.900
North Korea,2012,3.640.751.266.479.490
North Korea,2013,37.134.857.177.734.300
North Korea,2014,3.524.021.530.151.360
North Korea,2015,3.741.178.512.573.240
North Korea,2016,31.758.424.758.911.100
North Korea,2017,32.007.450.103.759.700
North Macedonia,1990,4.187.047.576.904.290
North Macedonia,1995,3.993.756.103.515.620
North Macedonia,2000,36.398.216.247.558.500
North Macedonia,2005,356.330.451.965.332
North Macedonia,2010,3.445.697.021.484.370
North Macedonia,2011,380.831.184.387.207
North Macedonia,2012,34.657.814.025.878.900
North Macedonia,2013,3.201.504.898.071.280
North Macedonia,2014,3.179.054.069.519.040
North Macedonia,2015,31.975.988.388.061.500
North Macedonia,2016,2.959.326.934.814.450
North Macedonia,2017,29.726.943.969.726.500
Northern Mariana Islands,1990,11.414.900.779.724.100
Northern Mariana Islands,1995,11.409.985.542.297.300
Northern Mariana Islands,2000,12.181.241.989.135.700
Northern Mariana Islands,2005,1.186.877.155.303.950
Northern Mariana Islands,2010,1.192.638.111.114.500
Northern Mariana Islands,2011,12.199.626.922.607.400
Northern Mariana Islands,2012,11.439.995.765.686.000
Northern Mariana Islands,2013,10.965.020.179.748.500
Northern Mariana Islands,2014,10.313.471.794.128.400
Northern Mariana Islands,2015,10.397.711.753.845.200
Northern Mariana Islands,2016,9.917.756.080.627.440
Northern Mariana Islands,2017,989.298.152.923.584
Norway,1990,8.995.380.401.611.320
Norway,1995,8.793.261.528.015.130
Norway,2000,8.668.866.157.531.730
Norway,2005,8.359.490.394.592.280
Norway,2010,8.341.506.958.007.810
Norway,2011,8.853.510.856.628.410
Norway,2012,7.925.281.047.821.040
Norway,2013,7.633.674.621.582.030
Norway,2014,7.670.896.053.314.200
Norway,2015,72.427.754.402.160.600
Norway,2016,69.594.573.974.609.300
Norway,2017,6.956.519.603.729.240
Oman,1990,40.187.644.958.496.000
Oman,1995,39.602.691.650.390.600
Oman,2000,39.855.289.459.228.500
Oman,2005,396.552.734.375
Oman,2010,3.751.533.508.300.780
Oman,2011,3.910.379.409.790.030
Oman,2012,4.073.328.399.658.200
Oman,2013,4.105.276.870.727.530
Oman,2014,37.710.880.279.541.000
Oman,2015,4.262.759.017.944.330
Oman,2016,4.178.219.223.022.460
Oman,2017,41.115.238.189.697.200
Pakistan,1990,60.334.659.576.416.000
Pakistan,1995,61.432.865.142.822.200
Pakistan,2000,6.110.602.569.580.070
Pakistan,2005,6.337.843.704.223.630
Pakistan,2010,6.800.518.798.828.120
Pakistan,2011,6.854.493.713.378.900
Pakistan,2012,6.237.664.794.921.870
Pakistan,2013,6.102.216.339.111.320
Pakistan,2014,5.951.836.395.263.670
Pakistan,2015,6.008.589.172.363.280
Pakistan,2016,5.863.276.290.893.550
Pakistan,2017,5.828.241.729.736.320
Palestine,1990,3.422.574.996.948.240
Palestine,1995,3.416.200.256.347.650
Palestine,2000,3.385.375.213.623.040
Palestine,2005,3.197.449.493.408.200
Palestine,2010,33.006.675.720.214.800
Palestine,2011,32.873.313.903.808.500
Palestine,2012,3.276.945.877.075.190
Palestine,2013,3.349.296.188.354.490
Palestine,2014,3.344.828.414.916.990
Palestine,2015,3.389.141.082.763.670
Palestine,2016,32.742.069.244.384.700
Palestine,2017,3.322.563.171.386.710
Panama,1990,13.127.545.356.750.400
Panama,1995,13.206.170.082.092.200
Panama,2000,14.383.014.678.955.000
Panama,2005,14.115.315.437.316.800
Panama,2010,1.413.891.887.664.790
Panama,2011,14.296.038.627.624.500
Panama,2012,13.972.366.333.007.800
Panama,2013,13.397.870.063.781.700
Panama,2014,12.921.615.600.585.900
Panama,2015,12.490.743.637.084.900
Panama,2016,11.465.547.561.645.500
Panama,2017,11.400.053.977.966.300
Papua New Guinea,1990,15.126.299.858.093.200
Papua New Guinea,1995,14.637.449.264.526.300
Papua New Guinea,2000,1.475.156.307.220.450
Papua New Guinea,2005,14.524.239.540.100.000
Papua New Guinea,2010,1.494.135.856.628.410
Papua New Guinea,2011,15.519.033.432.006.800
Papua New Guinea,2012,1.460.653.305.053.710
Papua New Guinea,2013,13.952.628.135.681.100
Papua New Guinea,2014,13.245.298.385.620.100
Papua New Guinea,2015,13.261.726.379.394.500
Papua New Guinea,2016,12.615.056.037.902.800
Papua New Guinea,2017,12.294.418.334.960.900
Paraguay,1990,14.023.616.790.771.400
Paraguay,1995,14.288.268.089.294.400
Paraguay,2000,14.213.086.128.234.800
Paraguay,2005,15.130.470.275.878.900
Paraguay,2010,15.102.923.393.249.500
Paraguay,2011,14.598.118.782.043.400
Paraguay,2012,139.483.060.836.792
Paraguay,2013,12.926.568.984.985.300
Paraguay,2014,12.641.075.134.277.300
Paraguay,2015,13.038.074.493.408.200
Paraguay,2016,11.649.322.509.765.600
Paraguay,2017,11.909.080.505.371.000
Peru,1990,28.520.938.873.291.000
Peru,1995,2.950.529.670.715.330
Peru,2000,30.273.662.567.138.600
Peru,2005,3.229.922.866.821.280
Peru,2010,31.502.574.920.654.200
Peru,2011,31.571.165.084.838.800
Peru,2012,30.494.455.337.524.400
Peru,2013,29.743.085.861.206.000
Peru,2014,27.582.672.119.140.600
Peru,2015,26.037.267.684.936.500
Peru,2016,2.554.274.559.020.990
Peru,2017,24.786.727.905.273.400
Philippines,1990,2.211.603.546.142.570
Philippines,1995,21.970.218.658.447.200
Philippines,2000,2.220.389.747.619.620
Philippines,2005,22.818.571.090.698.200
Philippines,2010,23.592.315.673.828.100
Philippines,2011,2.275.483.512.878.410
Philippines,2012,22.549.583.435.058.500
Philippines,2013,2.121.628.761.291.500
Philippines,2014,20.259.586.334.228.500
Philippines,2015,1.958.154.296.875
Philippines,2016,182.269.287.109.375
Philippines,2017,18.069.799.423.217.700
Poland,1990,3.019.942.855.834.960
Poland,1995,27.891.828.536.987.300
Poland,2000,25.822.185.516.357.400
Poland,2005,2.615.121.841.430.660
Poland,2010,2.717.650.032.043.450
Poland,2011,26.372.507.095.336.900
Poland,2012,2.426.397.705.078.120
Poland,2013,2.292.872.428.894.040
Poland,2014,22.210.891.723.632.800
Poland,2015,2.269.131.851.196.280
Poland,2016,20.975.767.135.620.100
Poland,2017,20.877.822.875.976.500
Portugal,1990,10.140.530.586.242.600
Portugal,1995,10.084.593.772.888.100
Portugal,2000,10.123.692.512.512.200
Portugal,2005,10.449.707.984.924.300
Portugal,2010,10.076.887.130.737.300
Portugal,2011,10.355.012.893.676.700
Portugal,2012,9.484.803.199.768.060
Portugal,2013,943.204.402.923.584
Portugal,2014,878.479.290.008.545
Portugal,2015,8.823.283.195.495.600
Portugal,2016,8.052.763.938.903.800
Portugal,2017,8.160.752.296.447.750
Puerto Rico,1990,8.238.191.604.614.250
Puerto Rico,1995,8.233.421.325.683.590
Puerto Rico,2000,10.436.002.731.323.200
Puerto Rico,2005,1.039.992.618.560.790
Puerto Rico,2010,1.037.254.810.333.250
Puerto Rico,2011,10.579.405.784.606.900
Puerto Rico,2012,99.662.446.975.708
Puerto Rico,2013,9.703.754.425.048.820
Puerto Rico,2014,9.089.227.676.391.600
Puerto Rico,2015,8.920.909.881.591.790
Puerto Rico,2016,834.287.166.595.459
Puerto Rico,2017,834.903.335.571.289
Qatar,1990,9.163.639.068.603.510
Qatar,1995,8.999.349.975.585.930
Qatar,2000,8.353.533.172.607.420
Qatar,2005,8.532.646.942.138.670
Qatar,2010,841.229.019.165.039
Qatar,2011,8.127.300.262.451.170
Qatar,2012,892.469.711.303.711
Qatar,2013,8.889.051.818.847.650
Qatar,2014,7.883.283.996.582.030
Qatar,2015,9.440.389.251.708.980
Qatar,2016,8.822.245.025.634.760
Qatar,2017,9.118.732.452.392.570
Romania,1990,20.319.263.458.251.900
Romania,1995,1.857.241.439.819.330
Romania,2000,17.696.741.104.125.900
Romania,2005,1.715.777.587.890.620
Romania,2010,1.706.214.714.050.290
Romania,2011,17.636.754.989.624.000
Romania,2012,16.315.845.489.501.900
Romania,2013,15.369.309.425.354.000
Romania,2014,15.006.495.475.769.000
Romania,2015,15.433.555.603.027.300
Romania,2016,14.537.062.644.958.400
Romania,2017,14.611.340.522.766.100
Russia,1990,21.223.346.710.205.000
Russia,1995,19.873.332.977.294.900
Russia,2000,1.905.403.709.411.620
Russia,2005,18.995.216.369.628.900
Russia,2010,19.480.310.440.063.400
Russia,2011,19.191.511.154.174.800
Russia,2012,18.304.338.455.200.100
Russia,2013,1.779.507.064.819.330
Russia,2014,16.582.162.857.055.600
Russia,2015,1.701.919.174.194.330
Russia,2016,16.219.890.594.482.400
Russia,2017,1.616.022.300.720.210
Rwanda,1990,4.552.701.187.133.780
Rwanda,1995,4.405.491.638.183.590
Rwanda,2000,43.481.689.453.125
Rwanda,2005,42.691.184.997.558.500
Rwanda,2010,4.144.091.033.935.540
Rwanda,2011,4.268.095.779.418.940
Rwanda,2012,4.456.089.782.714.840
Rwanda,2013,4.441.158.676.147.460
Rwanda,2014,4.221.148.681.640.620
Rwanda,2015,426.144.905.090.332
Rwanda,2016,4.284.380.340.576.170
Rwanda,2017,432.102.165.222.168
Saint Lucia,1990,26.711.984.634.399.400
Saint Lucia,1995,26.849.882.125.854.400
Saint Lucia,2000,27.096.132.278.442.300
Saint Lucia,2005,2.698.484.992.980.950
Saint Lucia,2010,2.763.597.297.668.450
Saint Lucia,2011,28.078.655.242.919.900
Saint Lucia,2012,2.636.748.504.638.670
Saint Lucia,2013,25.444.801.330.566.400
Saint Lucia,2014,24.236.303.329.467.700
Saint Lucia,2015,24.283.239.364.624.000
Saint Lucia,2016,223.533.992.767.334
Saint Lucia,2017,2.240.081.787.109.370
Saint Vincent and the Grenadines,1990,27.164.539.337.158.200
Saint Vincent and the Grenadines,1995,2.716.265.869.140.620
Saint Vincent and the Grenadines,2000,26.957.931.518.554.600
Saint Vincent and the Grenadines,2005,2.706.413.459.777.830
Saint Vincent and the Grenadines,2010,26.396.657.943.725.500
Saint Vincent and the Grenadines,2011,27.582.809.448.242.100
Saint Vincent and the Grenadines,2012,25.754.077.911.376.900
Saint Vincent and the Grenadines,2013,2.476.218.032.836.910
Saint Vincent and the Grenadines,2014,2.303.093.147.277.830
Saint Vincent and the Grenadines,2015,2.347.317.123.413.080
Saint Vincent and the Grenadines,2016,2.207.655.143.737.790
Saint Vincent and the Grenadines,2017,22.200.515.747.070.300
Samoa,1990,14.311.249.732.971.100
Samoa,1995,14.296.988.487.243.600
Samoa,2000,14.320.470.809.936.500
Samoa,2005,1.420.545.768.737.790
Samoa,2010,14.288.093.566.894.500
Samoa,2011,14.693.096.160.888.600
Samoa,2012,1.362.788.200.378.410
Samoa,2013,13.382.521.629.333.400
Samoa,2014,12.643.560.409.545.800
Samoa,2015,12.321.795.463.562.000
Samoa,2016,1.136.629.867.553.710
Samoa,2017,11.548.027.038.574.200
Sao Tome and Principe,1990,30.449.045.181.274.400
Sao Tome and Principe,1995,30.314.516.067.504.800
Sao Tome and Principe,2000,30.311.901.092.529.200
Sao Tome and Principe,2005,29.334.394.454.956.000
Sao Tome and Principe,2010,2.712.662.124.633.780
Sao Tome and Principe,2011,27.860.244.750.976.500
Sao Tome and Principe,2012,25.915.843.963.623.000
Sao Tome and Principe,2013,27.658.817.291.259.700
Sao Tome and Principe,2014,27.862.302.780.151.300
Sao Tome and Principe,2015,28.432.092.666.625.900
Sao Tome and Principe,2016,2.866.653.823.852.530
Sao Tome and Principe,2017,2.853.958.511.352.530
Saudi Arabia,1990,7.057.306.671.142.570
Saudi Arabia,1995,725.849.380.493.164
Saudi Arabia,2000,7.907.552.337.646.480
Saudi Arabia,2005,7.642.244.720.458.980
Saudi Arabia,2010,8.169.918.060.302.730
Saudi Arabia,2011,8.241.902.923.583.980
Saudi Arabia,2012,855.133.056.640.625
Saudi Arabia,2013,8.363.098.907.470.700
Saudi Arabia,2014,7.560.844.421.386.710
Saudi Arabia,2015,9.743.228.912.353.510
Saudi Arabia,2016,8.446.577.453.613.280
Saudi Arabia,2017,8.794.544.982.910.150
Senegal,1990,41.016.502.380.371.000
Senegal,1995,4.170.807.647.705.070
Senegal,2000,4.135.304.641.723.630
Senegal,2005,3.554.505.920.410.150
Senegal,2010,34.985.382.080.078.100
Senegal,2011,3.593.539.810.180.660
Senegal,2012,36.167.755.126.953.100
Senegal,2013,34.018.226.623.535.100
Senegal,2014,36.826.839.447.021.400
Senegal,2015,4.434.080.123.901.360
Senegal,2016,386.949.462.890.625
Senegal,2017,4.069.582.748.413.080
Serbia,1990,31.415.164.947.509.700
Serbia,1995,29.792.953.491.210.900
Serbia,2000,29.223.970.413.208.000
Serbia,2005,2.968.541.717.529.290
Serbia,2010,29.100.589.752.197.200
Serbia,2011,31.034.027.099.609.300
Serbia,2012,28.584.749.221.801.700
Serbia,2013,274.307.861.328.125
Serbia,2014,2.649.207.305.908.200
Serbia,2015,26.954.378.128.051.700
Serbia,2016,24.780.622.482.299.800
Serbia,2017,2.472.635.841.369.620
Seychelles,1990,21.797.359.466.552.700
Seychelles,1995,21.768.375.396.728.500
Seychelles,2000,21.647.520.065.307.600
Seychelles,2005,2.177.301.025.390.620
Seychelles,2010,2.109.126.853.942.870
Seychelles,2011,216.103.572.845.459
Seychelles,2012,2.149.533.462.524.410
Seychelles,2013,20.969.736.099.243.100
Seychelles,2014,20.970.518.112.182.600
Seychelles,2015,200.535.945.892.334
Seychelles,2016,20.403.823.852.539.000
Seychelles,2017,2.017.864.990.234.370
Sierra Leone,1990,20.732.646.942.138.600
Sierra Leone,1995,2.013.938.331.604.000
Sierra Leone,2000,2.050.687.026.977.530
Sierra Leone,2005,19.312.509.536.743.100
Sierra Leone,2010,18.528.888.702.392.500
Sierra Leone,2011,1.874.315.643.310.540
Sierra Leone,2012,20.101.293.563.842.700
Sierra Leone,2013,18.435.667.037.963.800
Sierra Leone,2014,17.698.232.650.756.800
Sierra Leone,2015,2.252.859.878.540.030
Sierra Leone,2016,2.134.393.310.546.870
Sierra Leone,2017,21.625.946.044.921.800
Singapore,1990,187.242.431.640.625
Singapore,1995,18.755.014.419.555.600
Singapore,2000,19.323.184.967.041.000
Singapore,2005,20.801.313.400.268.500
Singapore,2010,20.609.460.830.688.400
Singapore,2011,1.934.942.054.748.530
Singapore,2012,20.886.493.682.861.300
Singapore,2013,1.870.707.130.432.120
Singapore,2014,17.408.876.419.067.300
Singapore,2015,20.663.389.205.932.600
Singapore,2016,18.797.801.971.435.500
Singapore,2017,19.078.256.607.055.600
Slovakia,1990,2.495.343.589.782.710
Slovakia,1995,2.281.060.791.015.620
Slovakia,2000,217.239.990.234.375
Slovakia,2005,2.194.342.041.015.620
Slovakia,2010,2.169.021.987.915.030
Slovakia,2011,2.176.719.856.262.200
Slovakia,2012,1.976.493.263.244.620
Slovakia,2013,19.315.492.630.004.800
Slovakia,2014,18.304.182.052.612.300
Slovakia,2015,1.880.264.663.696.280
Slovakia,2016,17.353.662.490.844.700
Slovakia,2017,17.562.911.987.304.600
Slovenia,1990,22.271.148.681.640.600
Slovenia,1995,2.088.141.441.345.210
Slovenia,2000,1.913.404.655.456.540
Slovenia,2005,19.422.842.025.756.800
Slovenia,2010,18.681.655.883.789.000
Slovenia,2011,19.514.137.268.066.400
Slovenia,2012,1.767.007.827.758.780
Slovenia,2013,17.571.378.707.885.700
Slovenia,2014,16.632.699.966.430.600
Slovenia,2015,1.712.815.284.729.000
Slovenia,2016,15.912.736.892.700.100
Slovenia,2017,1.602.397.918.701.170
Solomon Islands,1990,13.761.735.916.137.600
Solomon Islands,1995,13.098.753.929.138.100
Solomon Islands,2000,13.866.954.803.466.700
Solomon Islands,2005,14.178.723.335.266.100
Solomon Islands,2010,14.374.255.180.358.800
Solomon Islands,2011,14.375.372.886.657.700
Solomon Islands,2012,13.430.245.399.475.000
Solomon Islands,2013,12.553.255.081.176.700
Solomon Islands,2014,12.172.030.448.913.500
Solomon Islands,2015,12.699.695.587.158.200
Solomon Islands,2016,11.830.689.430.236.800
Solomon Islands,2017,11.879.121.780.395.500
Somalia,1990,31.735.984.802.246.000
Somalia,1995,29.901.111.602.783.200
Somalia,2000,31.385.990.142.822.200
Somalia,2005,29.721.803.665.161.100
Somalia,2010,29.000.185.012.817.300
Somalia,2011,3.123.015.594.482.420
Somalia,2012,3.158.710.479.736.320
Somalia,2013,29.551.572.799.682.600
Somalia,2014,30.401.081.085.205.000
Somalia,2015,3.201.839.065.551.750
Somalia,2016,31.751.745.223.999.000
Somalia,2017,32.034.584.045.410.100
South Africa,1990,26.120.203.018.188.400
South Africa,1995,2.628.537.368.774.410
South Africa,2000,26.673.799.514.770.500
South Africa,2005,26.322.877.883.911.100
South Africa,2010,27.138.586.044.311.500
South Africa,2011,26.557.872.772.216.700
South Africa,2012,2.657.708.740.234.370
South Africa,2013,2.672.926.139.831.540
South Africa,2014,26.722.211.837.768.500
South Africa,2015,26.112.972.259.521.400
South Africa,2016,2.514.041.519.165.030
South Africa,2017,25.102.205.276.489.200
South Asia,1990,766.194.076.538.086
South Asia,1995,7.785.356.903.076.170
South Asia,2000,7.890.750.122.070.310
South Asia,2005,843.309.097.290.039
South Asia,2010,8.916.764.831.542.960
South Asia,2011,905.694.808.959.961
South Asia,2012,8.273.168.182.373.040
South Asia,2013,8.469.029.998.779.290
South Asia,2014,8.306.719.970.703.120
South Asia,2015,827.248.764.038.086
South Asia,2016,819.811.019.897.461
South Asia,2017,8.286.934.661.865.230
South Korea,1990,29.331.022.262.573.200
South Korea,1995,29.520.631.790.161.100
South Korea,2000,2.976.546.859.741.210
South Korea,2005,30.406.904.220.581.000
South Korea,2010,2.980.200.958.251.950
South Korea,2011,29.681.194.305.419.900
South Korea,2012,27.915.952.682.495.100
South Korea,2013,29.461.917.877.197.200
South Korea,2014,27.213.109.970.092.700
South Korea,2015,28.214.242.935.180.600
South Korea,2016,25.098.541.259.765.600
South Korea,2017,25.039.424.896.240.200
South Sudan,1990,4.623.936.080.932.610
South Sudan,1995,4.537.858.200.073.240
South Sudan,2000,4.410.158.920.288.080
South Sudan,2005,4.439.170.455.932.610
South Sudan,2010,43.225.341.796.875
South Sudan,2011,45.101.470.947.265.600
South Sudan,2012,4.397.406.005.859.370
South Sudan,2013,4.264.200.210.571.280
South Sudan,2014,4.190.055.847.167.960
South Sudan,2015,4.776.803.207.397.460
South Sudan,2016,4.484.657.287.597.650
South Sudan,2017,4.557.750.701.904.290
Spain,1990,12.211.322.784.423.800
Spain,1995,11.945.395.469.665.500
Spain,2000,11.774.209.022.521.900
Spain,2005,11.569.025.039.672.800
Spain,2010,11.349.328.994.750.900
Spain,2011,1.203.799.819.946.280
Spain,2012,11.149.622.917.175.200
Spain,2013,10.742.582.321.166.900
Spain,2014,10.074.588.775.634.700
Spain,2015,10.449.102.401.733.300
Spain,2016,970.413.875.579.834
Spain,2017,9.697.927.474.975.580
Sri Lanka,1990,29.768.503.189.086.900
Sri Lanka,1995,30.186.073.303.222.600
Sri Lanka,2000,30.855.762.481.689.400
Sri Lanka,2005,30.956.735.610.961.900
Sri Lanka,2010,31.033.781.051.635.700
Sri Lanka,2011,31.232.074.737.548.800
Sri Lanka,2012,30.083.972.930.908.200
Sri Lanka,2013,2.889.822.769.165.030
Sri Lanka,2014,2.692.277.717.590.330
Sri Lanka,2015,25.337.343.215.942.300
Sri Lanka,2016,14.025.444.984.436.000
Sri Lanka,2017,11.099.617.004.394.500
Sub-Saharan Africa,1990,44.018.917.083.740.200
Sub-Saharan Africa,1995,43.113.861.083.984.300
Sub-Saharan Africa,2000,427.870.979.309.082
Sub-Saharan Africa,2005,3.982.891.845.703.120
Sub-Saharan Africa,2010,382.126.350.402.832
Sub-Saharan Africa,2011,383.612.174.987.793
Sub-Saharan Africa,2012,39.829.811.096.191.400
Sub-Saharan Africa,2013,3.791.720.962.524.410
Sub-Saharan Africa,2014,3.723.258.590.698.240
Sub-Saharan Africa,2015,4.567.066.955.566.400
Sub-Saharan Africa,2016,44.368.473.052.978.500
Sub-Saharan Africa,2017,4.461.314.392.089.840
Sudan,1990,5.114.362.716.674.800
Sudan,1995,5.238.815.689.086.910
Sudan,2000,49.428.077.697.753.900
Sudan,2005,5.017.543.029.785.150
Sudan,2010,47.262.054.443.359.300
Sudan,2011,51.152.427.673.339.800
Sudan,2012,4.968.593.978.881.830
Sudan,2013,4.802.814.483.642.570
Sudan,2014,4.814.174.270.629.880
Sudan,2015,5.890.478.515.625
Sudan,2016,5.414.727.783.203.120
Sudan,2017,5.537.083.435.058.590
Suriname,1990,29.993.099.212.646.400
Suriname,1995,3.004.112.434.387.200
Suriname,2000,2.902.589.225.769.040
Suriname,2005,29.975.704.193.115.200
Suriname,2010,2.983.188.819.885.250
Suriname,2011,31.038.721.084.594.700
Suriname,2012,29.133.609.771.728.500
Suriname,2013,28.808.317.184.448.200
Suriname,2014,2.599.884.796.142.570
Suriname,2015,25.973.283.767.700.100
Suriname,2016,25.316.978.454.589.800
Suriname,2017,24.780.010.223.388.600
Sweden,1990,79.475.321.769.714.300
Sweden,1995,7.575.328.350.067.130
Sweden,2000,7.578.009.128.570.550
Sweden,2005,7.165.820.121.765.130
Sweden,2010,720.975.923.538.208
Sweden,2011,7.391.221.523.284.910
Sweden,2012,6.627.942.085.266.110
Sweden,2013,6.431.169.033.050.530
Sweden,2014,6.959.197.521.209.710
Sweden,2015,6.322.498.321.533.200
Sweden,2016,6.114.258.289.337.150
Sweden,2017,6.184.665.203.094.480
Switzerland,1990,14.228.372.573.852.500
Switzerland,1995,13.370.560.646.057.100
Switzerland,2000,12.690.764.427.185.000
Switzerland,2005,1.286.181.640.625
Switzerland,2010,12.922.219.276.428.200
Switzerland,2011,1.304.922.103.881.830
Switzerland,2012,12.261.387.825.012.200
Switzerland,2013,1.182.005.500.793.450
Switzerland,2014,11.389.106.750.488.200
Switzerland,2015,11.165.254.592.895.500
Switzerland,2016,10.342.630.386.352.500
Switzerland,2017,10.303.099.632.263.100
Syria,1990,4.671.794.509.887.690
Syria,1995,4.462.346.649.169.920
Syria,2000,41.556.304.931.640.600
Syria,2005,39.941.749.572.753.900
Syria,2010,42.657.684.326.171.800
Syria,2011,4.112.495.422.363.280
Syria,2012,4.101.683.807.373.040
Syria,2013,4.191.496.658.325.190
Syria,2014,41.534.481.048.583.900
Syria,2015,44.313.907.623.291.000
Syria,2016,43.702.552.795.410.100
Syria,2017,43.757.259.368.896.400
Tajikistan,1990,5.098.789.978.027.340
Tajikistan,1995,5.160.683.059.692.380
Tajikistan,2000,5.118.266.296.386.710
Tajikistan,2005,49.339.351.654.052.700
Tajikistan,2010,50.405.418.395.996.000
Tajikistan,2011,5.431.996.154.785.150
Tajikistan,2012,4.898.960.494.995.110
Tajikistan,2013,49.553.138.732.910.100
Tajikistan,2014,4.648.082.733.154.290
Tajikistan,2015,47.792.972.564.697.200
Tajikistan,2016,43.377.708.435.058.500
Tajikistan,2017,46.152.183.532.714.800
Tanzania,1990,2.986.164.665.222.160
Tanzania,1995,2.880.842.399.597.160
Tanzania,2000,28.973.697.662.353.500
Tanzania,2005,29.573.835.372.924.800
Tanzania,2010,28.607.532.501.220.700
Tanzania,2011,28.728.769.302.368.100
Tanzania,2012,29.969.844.818.115.200
Tanzania,2013,2.935.963.249.206.540
Tanzania,2014,28.873.716.354.370.100
Tanzania,2015,28.240.447.998.046.800
Tanzania,2016,2.844.356.918.334.960
Tanzania,2017,29.076.641.082.763.600
Thailand,1990,30.831.621.170.043.900
Thailand,1995,30.939.716.339.111.300
Thailand,2000,30.960.351.943.969.700
Thailand,2005,3.180.703.353.881.830
Thailand,2010,31.565.399.169.921.800
Thailand,2011,31.609.628.677.368.100
Thailand,2012,31.525.314.331.054.600
Thailand,2013,31.174.724.578.857.400
Thailand,2014,29.364.641.189.575.100
Thailand,2015,27.344.566.345.214.800
Thailand,2016,26.258.054.733.276.300
Thailand,2017,2.625.672.721.862.790
Timor,1990,2.305.657.958.984.370
Timor,1995,23.255.992.889.404.200
Timor,2000,23.501.296.997.070.300
Timor,2005,2.325.316.047.668.450
Timor,2010,23.492.395.401.000.900
Timor,2011,237.567.195.892.334
Timor,2012,22.466.623.306.274.400
Timor,2013,21.964.622.497.558.500
Timor,2014,2.045.009.994.506.830
Timor,2015,20.623.186.111.450.100
Timor,2016,20.017.902.374.267.500
Timor,2017,1.925.720.977.783.200
Togo,1990,3.811.479.187.011.710
Togo,1995,377.016.487.121.582
Togo,2000,37.685.855.865.478.500
Togo,2005,3.139.154.624.938.960
Togo,2010,30.522.945.404.052.700
Togo,2011,30.854.806.900.024.400
Togo,2012,3.136.920.928.955.070
Togo,2013,29.565.927.505.493.100
Togo,2014,28.936.290.740.966.700
Togo,2015,3.835.681.915.283.200
Togo,2016,3.705.110.549.926.750
Togo,2017,357.313.346.862.793
Tonga,1990,1.316.782.283.782.950
Tonga,1995,1.330.625.057.220.450
Tonga,2000,12.798.571.586.608.800
Tonga,2005,13.179.139.137.268.000
Tonga,2010,1.353.194.808.959.960
Tonga,2011,13.517.087.936.401.300
Tonga,2012,1.243.817.138.671.870
Tonga,2013,12.147.713.661.193.800
Tonga,2014,12.057.640.075.683.500
Tonga,2015,11.312.968.254.089.300
Tonga,2016,10.951.423.645.019.500
Tonga,2017,10.785.478.591.918.900
Trinidad and Tobago,1990,2.887.598.991.394.040
Trinidad and Tobago,1995,29.460.783.004.760.700
Trinidad and Tobago,2000,287.940.616.607.666
Trinidad and Tobago,2005,29.525.936.126.708.900
Trinidad and Tobago,2010,28.704.185.485.839.800
Trinidad and Tobago,2011,29.851.625.442.504.800
Trinidad and Tobago,2012,279.425.048.828.125
Trinidad and Tobago,2013,2.715.873.908.996.580
Trinidad and Tobago,2014,2.485.584.259.033.200
Trinidad and Tobago,2015,248.980.770.111.084
Trinidad and Tobago,2016,24.230.480.194.091.700
Trinidad and Tobago,2017,2.410.856.819.152.830
Tunisia,1990,3.594.963.455.200.190
Tunisia,1995,35.940.879.821.777.300
Tunisia,2000,356.025.276.184.082
Tunisia,2005,3.355.744.934.082.030
Tunisia,2010,3.554.549.026.489.250
Tunisia,2011,33.868.350.982.666.000
Tunisia,2012,328.158.073.425.293
Tunisia,2013,35.654.144.287.109.300
Tunisia,2014,3.469.205.856.323.240
Tunisia,2015,3.630.424.880.981.440
Tunisia,2016,3.845.048.904.418.940
Tunisia,2017,376.559.944.152.832
Turkey,1990,4.259.882.354.736.320
Turkey,1995,4.197.206.115.722.650
Turkey,2000,4.269.252.395.629.880
Turkey,2005,412.020.149.230.957
Turkey,2010,4.382.122.802.734.370
Turkey,2011,40.545.108.795.166.000
Turkey,2012,4.192.091.751.098.630
Turkey,2013,42.062.583.923.339.800
Turkey,2014,4.259.577.178.955.070
Turkey,2015,45.401.554.107.666.000
Turkey,2016,44.482.757.568.359.300
Turkey,2017,44.311.527.252.197.200
Turkmenistan,1990,2.530.134.391.784.660
Turkmenistan,1995,25.370.969.772.338.800
Turkmenistan,2000,25.471.555.709.838.800
Turkmenistan,2005,2.385.405.731.201.170
Turkmenistan,2010,24.851.829.528.808.500
Turkmenistan,2011,254.960.994.720.459
Turkmenistan,2012,2.380.200.958.251.950
Turkmenistan,2013,2.372.188.949.584.960
Turkmenistan,2014,2.208.490.753.173.820
Turkmenistan,2015,22.970.539.093.017.500
Turkmenistan,2016,2.174.112.319.946.280
Turkmenistan,2017,2.176.772.117.614.740
Uganda,1990,47.874.839.782.714.800
Uganda,1995,4.834.343.719.482.420
Uganda,2000,46.028.907.775.878.900
Uganda,2005,459.461.669.921.875
Uganda,2010,44.758.697.509.765.600
Uganda,2011,470.611.686.706.543
Uganda,2012,4.962.672.805.786.130
Uganda,2013,4.772.115.707.397.460
Uganda,2014,4.693.056.869.506.830
Uganda,2015,4.894.935.989.379.880
Uganda,2016,5.194.410.705.566.400
Uganda,2017,50.494.319.915.771.400
Ukraine,1990,28.309.547.424.316.400
Ukraine,1995,2.588.673.210.144.040
Ukraine,2000,24.157.913.208.007.800
Ukraine,2005,23.922.204.971.313.400
Ukraine,2010,2.352.265.739.440.910
Ukraine,2011,2.397.110.366.821.280
Ukraine,2012,22.328.792.572.021.400
Ukraine,2013,21.532.400.131.225.500
Ukraine,2014,20.486.894.607.543.900
Ukraine,2015,212.464.542.388.916
Ukraine,2016,20.618.186.950.683.500
Ukraine,2017,20.309.776.306.152.300
United Arab Emirates,1990,3.982.462.692.260.740
United Arab Emirates,1995,3.977.842.712.402.340
United Arab Emirates,2000,3.969.879.913.330.070
United Arab Emirates,2005,3.898.906.326.293.940
United Arab Emirates,2010,3.898.006.820.678.710
United Arab Emirates,2011,3.919.343.185.424.800
United Arab Emirates,2012,3.927.712.631.225.580
United Arab Emirates,2013,39.608.154.296.875
United Arab Emirates,2014,37.983.421.325.683.500
United Arab Emirates,2015,42.334.991.455.078.100
United Arab Emirates,2016,4.052.210.235.595.700
United Arab Emirates,2017,40.917.510.986.328.100
United Kingdom,1990,13.508.186.340.332.000
United Kingdom,1995,13.005.444.526.672.300
United Kingdom,2000,12.618.228.912.353.500
United Kingdom,2005,12.537.897.109.985.300
United Kingdom,2010,12.299.108.505.249.000
United Kingdom,2011,1.284.799.861.907.950
United Kingdom,2012,11.814.495.086.669.900
United Kingdom,2013,11.618.901.252.746.500
United Kingdom,2014,10.800.559.997.558.500
United Kingdom,2015,10.754.873.275.756.800
United Kingdom,2016,10.504.667.282.104.400
United Kingdom,2017,1.047.269.058.227.530
United States,1990,9.701.666.831.970.210
United States,1995,9.566.391.944.885.250
United States,2000,9.525.137.901.306.150
United States,2005,9.609.824.180.603.020
United States,2010,9.358.636.856.079.100
United States,2011,9.740.640.640.258.780
United States,2012,900.316.333.770.752
United States,2013,8.734.777.450.561.520
United States,2014,8.220.720.291.137.690
United States,2015,8.063.920.021.057.120
United States,2016,7.406.464.099.884.030
United States,2017,74.094.414.710.998.500
United States Virgin Islands,1990,102.992.525.100.708
United States Virgin Islands,1995,10.295.467.376.708.900
United States Virgin Islands,2000,1.285.075.569.152.830
United States Virgin Islands,2005,12.760.080.337.524.400
United States Virgin Islands,2010,12.752.099.990.844.700
United States Virgin Islands,2011,12.993.738.174.438.400
United States Virgin Islands,2012,12.233.122.825.622.500
United States Virgin Islands,2013,11.955.513.000.488.200
United States Virgin Islands,2014,11.165.816.307.067.800
United States Virgin Islands,2015,1.102.889.633.178.710
United States Virgin Islands,2016,10.264.842.987.060.500
United States Virgin Islands,2017,10.265.312.194.824.200
Upper middle income,1990,436.259.880.065.918
Upper middle income,1995,4.405.805.206.298.820
Upper middle income,2000,45.366.851.806.640.600
Upper middle income,2005,484.749.641.418.457
Upper middle income,2010,5.041.101.837.158.200
Upper middle income,2011,5.092.295.837.402.340
Upper middle income,2012,46.803.409.576.416.000
Upper middle income,2013,47.489.383.697.509.700
Upper middle income,2014,4.367.171.096.801.750
Upper middle income,2015,4.336.198.043.823.240
Upper middle income,2016,3.901.467.514.038.080
Upper middle income,2017,3.923.002.243.041.990
Uruguay,1990,10.870.699.882.507.300
Uruguay,1995,10.743.856.430.053.700
Uruguay,2000,11.367.082.595.825.100
Uruguay,2005,10.918.424.606.323.200
Uruguay,2010,11.027.055.740.356.400
Uruguay,2011,11.468.731.880.187.900
Uruguay,2012,10.567.294.120.788.500
Uruguay,2013,10.455.605.506.896.900
Uruguay,2014,99.268.159.866.333
Uruguay,2015,9.659.454.345.703.120
Uruguay,2016,9.197.441.101.074.210
Uruguay,2017,9.274.883.270.263.670
Uzbekistan,1990,359.025.764.465.332
Uzbekistan,1995,347.875.862.121.582
Uzbekistan,2000,3.193.634.605.407.710
Uzbekistan,2005,3.153.029.441.833.490
Uzbekistan,2010,3.207.745.361.328.120
Uzbekistan,2011,3.399.383.544.921.870
Uzbekistan,2012,31.662.105.560.302.700
Uzbekistan,2013,30.805.192.947.387.600
Uzbekistan,2014,28.900.035.858.154.200
Uzbekistan,2015,30.394.330.978.393.500
Uzbekistan,2016,27.814.346.313.476.500
Uzbekistan,2017,28.455.902.099.609.300
Vanuatu,1990,13.670.550.346.374.500
Vanuatu,1995,1.352.147.388.458.250
Vanuatu,2000,14.066.546.440.124.500
Vanuatu,2005,14.189.769.744.873.000
Vanuatu,2010,14.129.512.786.865.200
Vanuatu,2011,14.382.964.134.216.300
Vanuatu,2012,13.242.452.621.459.900
Vanuatu,2013,12.740.693.092.346.100
Vanuatu,2014,1.193.385.124.206.540
Vanuatu,2015,12.157.210.350.036.600
Vanuatu,2016,11.590.909.004.211.400
Vanuatu,2017,11.652.776.718.139.600
Venezuela,1990,214.571.590.423.584
Venezuela,1995,21.270.963.668.823.200
Venezuela,2000,2.161.028.289.794.920
Venezuela,2005,22.369.260.787.963.800
Venezuela,2010,2.168.286.895.751.950
Venezuela,2011,2.203.310.775.756.830
Venezuela,2012,212.457.275.390.625
Venezuela,2013,204.289.493.560.791
Venezuela,2014,19.104.061.126.708.900
Venezuela,2015,1.830.300.521.850.580
Venezuela,2016,16.767.993.927.001.900
Venezuela,2017,17.008.554.458.618.100
Vietnam,1990,359.284.782.409.668
Vietnam,1995,3.601.681.137.084.960
Vietnam,2000,3.623.884.582.519.530
Vietnam,2005,3.774.959.182.739.250
Vietnam,2010,3.936.539.840.698.240
Vietnam,2011,38.486.976.623.535.100
Vietnam,2012,3.722.745.132.446.280
Vietnam,2013,36.835.906.982.421.800
Vietnam,2014,3.489.601.516.723.630
Vietnam,2015,324.664.421.081.543
Vietnam,2016,3.024.131.202.697.750
Vietnam,2017,29.626.728.057.861.300
World,1990,4.426.161.575.317.380
World,1995,44.881.874.084.472.600
World,2000,4.593.539.810.180.660
World,2005,4.836.383.056.640.620
World,2010,5.025.201.416.015.620
World,2011,5.077.349.090.576.170
World,2012,4.754.097.366.333.000
World,2013,479.619.255.065.918
World,2014,45.958.335.876.464.800
World,2015,4.724.492.645.263.670
World,2016,45.165.184.020.996.000
World,2017,45.538.047.790.527.300
Yemen,1990,4.886.372.756.958.000
Yemen,1995,5.002.771.759.033.200
Yemen,2000,508.679.313.659.668
Yemen,2005,45.144.805.908.203.100
Yemen,2010,45.979.469.299.316.400
Yemen,2011,50.835.289.001.464.800
Yemen,2012,5.143.445.587.158.200
Yemen,2013,52.998.443.603.515.600
Yemen,2014,48.338.653.564.453.100
Yemen,2015,5.426.028.823.852.530
Yemen,2016,5.012.762.451.171.870
Yemen,2017,5.045.600.509.643.550
Zambia,1990,3.276.484.680.175.780
Zambia,1995,30.908.466.339.111.300
Zambia,2000,30.898.204.803.466.700
Zambia,2005,2.894.705.581.665.030
Zambia,2010,2.883.637.809.753.410
Zambia,2011,2.898.711.585.998.530
Zambia,2012,2.974.203.872.680.660
Zambia,2013,29.112.220.764.160.100
Zambia,2014,2.849.325.180.053.710
Zambia,2015,28.375.452.041.625.900
Zambia,2016,2.735.567.283.630.370
Zambia,2017,27.438.034.057.617.100
Zimbabwe,1990,23.319.908.142.089.800
Zimbabwe,1995,22.726.268.768.310.500
Zimbabwe,2000,23.126.373.291.015.600
Zimbabwe,2005,23.314.741.134.643.500
Zimbabwe,2010,2.323.147.964.477.530
Zimbabwe,2011,230.742.130.279.541
Zimbabwe,2012,23.198.097.229.003.900
Zimbabwe,2013,23.111.087.799.072.200
Zimbabwe,2014,22.805.950.164.794.900
Zimbabwe,2015,2.173.370.933.532.710
Zimbabwe,2016,21.726.947.784.423.800
Zimbabwe,2017,22.251.670.837.402.300